﻿<?xml version="1.0" encoding="utf-8"?>
<modification>
<name>Parcelamento Premium</name>
<code>Parcelamento Premium</code>
<version>1.0.0</version>
<author>InnSystem</author>
<link>https://www.innsystem.com.br</link>

<file path="system/library/document.php">
	<operation>
		<search><![CDATA[
			private $scripts = array();
		]]></search>
		<add position="after"><![CDATA[             		
        public function formatMoney($valor)
        {
          $valor = str_replace("R$ ", "", $valor);
          $valor = str_replace(".", "", $valor);
          $valor = str_replace(",", ".", $valor);
          return $valor;
        }	
		]]></add>
		</operation>
</file> 

<file path="catalog/controller/common/footer.php">
	<operation>
		<search><![CDATA[
			return $this->load->view('common/footer', $data);
		]]></search>
		<add position="before"><![CDATA[       
			$data['bandeiras_status'] = $this->config->get('module_parcelamento_premium_bandeiras_status');
			
			$bandeiras = [
				'visa',
				'mastercard',
				'amex',
				'diners',
				'hipercard',
				'elo',
				'boleto',
				'pix',
				'itau',
				'bradesco',
				'caixa',
				'bancobrasil',
				'santander',
				'paypal',
				'pagseguro',
				'mercadopago',
				'gerencianet',
				'appmax',
			];

			foreach($bandeiras as $bandeira){
				$getBandeira = $this->config->get('module_parcelamento_premium_bandeira_'.$bandeira);
				if (isset($getBandeira)) {
					$data['bandeira_'.$bandeira] = $getBandeira;
				} 
			}
		]]></add>
		</operation>
</file> 

<file path="catalog/view/theme/*/template/common/footer.twig">
	<operation>
		<search><![CDATA[
			<hr>
		]]></search>
		<add position="before"><![CDATA[       
			{% if bandeiras_status %}
			<div class="bandeiras-rodape pb-3 mb-4 border-bottom">
				<ul class="list-unstyled d-flex flex-column flex-sm-row justify-content-center text-center">
					{% if bandeira_boleto %}
					<li class="me-4 mb-2"><img src="./_galerias/payment/mini/boleto.png" alt="Bandeira Boleto" style="width:45px;">
					</li>
					{% endif %}

					{% if bandeira_pix %}
					<li class="me-4 mb-2"><img src="./_galerias/payment/mini/pix.png" alt="Bandeira PIX" style="width:45px;"></li>
					{% endif %}

					{% if bandeira_itau %}
					<li class="me-4 mb-2"><img src="./_galerias/payment/mini/itau.png" alt="Bandeira Itaú" style="width:45px;"></li>
					{% endif %}

					{% if bandeira_bradesco %}
					<li class="me-4 mb-2"><img src="./_galerias/payment/mini/bradesco.png" alt="Bandeira Bradesco"
						style="width:45px;"></li>
					{% endif %}

					{% if bandeira_caixa %}
					<li class="me-4 mb-2"><img src="./_galerias/payment/mini/caixa.png" alt="Bandeira Caixa" style="width:45px;">
					</li>
					{% endif %}

					{% if bandeira_bancobrasil %}
					<li class="me-4 mb-2"><img src="./_galerias/payment/mini/bancobrasil.png" alt="Bandeira Banco do Brasil"
						style="width:45px;"></li>
					{% endif %}

					{% if bandeira_santander %}
					<li class="me-4 mb-2"><img src="./_galerias/payment/mini/santander.png" alt="Bandeira Santander"
						style="width:45px;"></li>
					{% endif %}

					{% if bandeira_visa %}
					<li class="me-4 mb-2"><img src="./_galerias/payment/mini/visa.png" alt="Bandeira Visa" style="width:45px;"></li>
					{% endif %}

					{% if bandeira_mastercard %}
					<li class="me-4 mb-2"><img src="./_galerias/payment/mini/mastercard.png" alt="Bandeira Master Card"
						style="width:45px;"></li>
					{% endif %}
					{% if bandeira_amex %}

					<li class="me-4 mb-2"><img src="./_galerias/payment/mini/amex.png" alt="Bandeira American Express"
						style="width:45px;"></li>
					{% endif %}
					{% if bandeira_diners %}

					<li class="me-4 mb-2"><img src="./_galerias/payment/mini/diners.png" alt="Bandeira Diners Club"
						style="width:45px;"></li>
					{% endif %}

					{% if bandeira_hipercard %}
					<li class="me-4 mb-2"><img src="./_galerias/payment/mini/hipercard.png" alt="Bandeira Hipercard"
						style="width:45px;"></li>
					{% endif %}

					{% if bandeira_elo %}
					<li class="me-4 mb-2"><img src="./_galerias/payment/mini/elo.png" alt="Bandeira ELO" style="width:45px;"></li>
					{% endif %}

					{% if bandeira_paypal %}
					<li class="me-4 mb-2"><img src="./_galerias/payment/mini/paypal.png" alt="Bandeira PayPal" style="width:45px;">
					</li>
					{% endif %}

					{% if bandeira_pagseguro %}
					<li class="me-4 mb-2"><img src="./_galerias/payment/mini/pagseguro.png" alt="Bandeira PagSeguro"
						style="width:45px;"></li>
					{% endif %}

					{% if bandeira_mercadopago %}
					<li class="me-4 mb-2"><img src="./_galerias/payment/mini/mercadopago.png" alt="Bandeira Mercado Pago"
						style="width:45px;"></li>
					{% endif %}

					{% if bandeira_gerencianet %}
					<li class="me-4 mb-2"><img src="./_galerias/payment/mini/gerencianet.png" alt="Bandeira GerenciaNET"
						style="width:45px;"></li>
					{% endif %}

					{% if bandeira_appmax %}
					<li class="me-4 mb-2"><img src="./_galerias/payment/mini/appmax.png" alt="Bandeira AppMAX" style="width:45px;">
					</li>
					{% endif %}
				</ul>
			</div><!-- flex -->
			{% endif %}
		]]></add>
		</operation>
</file> 

<file path="catalog/controller/product/product.php">
	<operation>
		<search><![CDATA[
			$data['products'][] = array(
		]]></search>
		<add position="before"><![CDATA[             		
			// Parcelamento Premium - Extensions and Others Pages
			if ($result['price']) {

				// Defini uma nova variavel para receber o preco normal ou com desconto
				if (!is_null($result['special']) && (float)$result['special'] >= 0) {
					$price_unfomated = $special;
					$price_formated = $this->document->formatMoney($special);
				} else {
					$price_unfomated = $price;
					$price_formated = $this->document->formatMoney($price);
				}
				
				/* Preco PIX com Desconto */
				if ($this->config->get('module_parcelamento_premium_pix_desconto')) {
					$pix_desconto = $this->config->get('module_parcelamento_premium_pix_desconto');
					$pix_price = $price_formated;

					$new_price = $pix_price - ($pix_price / 100 * $pix_desconto);
					$new_price = number_format($new_price, 2, ',', '.');

					$pix_text = 'ou '. $new_price .' (-'. $pix_desconto .'%)';
					
				} else {
					$pix_desconto = 0;
					$pix_text = 'ou '. $price_unfomated;
				}
				
				/* Preco Boleto com Desconto */
				if ($this->config->get('module_parcelamento_premium_boleto_desconto')) {
					$boleto_desconto = $this->config->get('module_parcelamento_premium_boleto_desconto');
					$boleto_price = $price_formated;

					$new_price = $boleto_price - ($boleto_price / 100 * $boleto_desconto);
					$new_price = number_format($new_price, 2, ',', '.');
					
					$boleto_text = 'ou '. $new_price .' (-'. $boleto_desconto .'%)';
				} else {
					$boleto_desconto = 0;
					$boleto_text = 'ou '. $price_unfomated;
				}

				$cartao_price = $price_formated;

				$total_parcelas = $this->config->get('module_parcelamento_premium_total_parcelas') + 1; // + 1 para compensar no FOR $i;
				$parcelas_sem_juros = $this->config->get('module_parcelamento_premium_parcelas_sem_juros');
				$juros_mes = $this->config->get('module_parcelamento_premium_juros_mes');
				$parcela_minima = $this->config->get('module_parcelamento_premium_parcela_minima');

				if($cartao_price >= $parcela_minima){
					for ($i = 1; $i < $total_parcelas; $i++) {
						$price_mes = $cartao_price / $i;
						if ($price_mes >= $parcela_minima) {
							if ($i <= $parcelas_sem_juros) {
								$juros_mes = 0;
								$price_mes = number_format($price_mes, 2, ',', '.');
								$price_mes_formated = $this->document->formatMoney($price_mes);
								$price_total = $price_mes_formated * $i;
								$parcelamento_inline = '<span class="text-start"><b>' . $i . 'x</b> de <b>R$ ' . $price_mes . '</b> <b>sem juros</b></span>';
							} else {
								$juros_mes = $this->config->get('module_parcelamento_premium_juros_mes') * $i;
								$juros_aplicado = $price_mes + ($price_mes / 100 * $juros_mes);
								$price_total = $juros_aplicado * $i;
								$price_mes = number_format($juros_aplicado, 2, ',', '.');
								$parcelamento_inline = '<span class="text-start"><b>' . $i . 'x</b> de <b>R$ ' . $price_mes . '</b> com juros</span>';
							}
						}
					}
				}else{
					$parcelamento_inline = '<span class="text-start"><b>1x</b> de <b>R$ ' . number_format($cartao_price, 2, ',', '.') . '</b> sem juros</span>';
				}
			}
			// Parcelamento Premium - Extensions and Others Pages
		]]></add>
		</operation>

	<operation>
		<search><![CDATA[
			$results = $this->model_catalog_product->getProductRelated($this->request->get['product_id']);
		]]></search>
		<add position="after"><![CDATA[             		
				// Parcelamento Premium - Extensions and Others Pages
				$data['pix_status'] = $this->config->get('module_parcelamento_premium_pix');
				$data['boleto_status'] = $this->config->get('module_parcelamento_premium_boleto');
				$data['cartao_status'] = $this->config->get('module_parcelamento_premium_cartao');
				// Parcelamento Premium - Extensions and Others Pages
		]]></add>
		</operation>

	<operation>
		<search><![CDATA[
			'rating'      => $rating,
		]]></search>
		<add position="before"><![CDATA[             		
			// Parcelamento Premium - Extensions and Others Pages
			'parcelamento'    => $parcelamento_inline,
			'pix_text'    => $pix_text,
			'pix_desconto'    => $pix_desconto,
			'boleto_text'    => $boleto_text,
			'boleto_desconto'    => $boleto_desconto,
			// Parcelamento Premium - Extensions and Others Pages
		]]></add>
		</operation>


	<operation>
		<search><![CDATA[
			$discounts = $this->model_catalog_product->getProductDiscounts($this->request->get['product_id']);
		]]></search>
		<add position="before"><![CDATA[             		
      // Parcelamento Premium - Product Detalhado
			if ($data['price']) {

				// Defini uma nova variavel para receber o preco normal ou com desconto
				if (!is_null($product_info['special']) && (float)$product_info['special'] >= 0) {
					$price_unfomated = $data['special'];
					$price_formated = $this->document->formatMoney($data['special']);
				} else {
					$price_unfomated = $data['price'];
					$price_formated = $this->document->formatMoney($data['price']);
				}

				/* Preco PIX com Desconto */
				$data['pix_status'] = $this->config->get('module_parcelamento_premium_pix');

				if ($this->config->get('module_parcelamento_premium_pix_desconto')) {
					$pix_desconto = $this->config->get('module_parcelamento_premium_pix_desconto');
					$pix_price = $price_formated;

					$new_price = $pix_price - ($pix_price / 100 * $pix_desconto);
					$new_price = number_format($new_price, 2, ',', '.');

					$data['pix_desconto'] = $pix_desconto;
					$data['pix_price'] = $new_price;
				} else {
					$data['pix_desconto'] = 0;
					$data['pix_price'] = $price_unfomated;
				}

				/* Preco Boleto com Desconto */
				$data['boleto_status'] = $this->config->get('module_parcelamento_premium_boleto');
				if ($this->config->get('module_parcelamento_premium_boleto_desconto')) {
					$boleto_desconto = $this->config->get('module_parcelamento_premium_boleto_desconto');
					$boleto_price = $price_formated;

					$new_price = $boleto_price - ($boleto_price / 100 * $boleto_desconto);
					$new_price = number_format($new_price, 2, ',', '.');

					$data['boleto_desconto'] = $boleto_desconto;
					$data['boleto_price'] = $new_price;
				} else {
					$data['boleto_desconto'] = 0;
					$data['boleto_price'] = $price_unfomated;
				}


				$data['cartao_status'] = $this->config->get('module_parcelamento_premium_cartao');
				$cartao_price = $price_formated;

				$total_parcelas = $this->config->get('module_parcelamento_premium_total_parcelas') + 1; // + 1 para compensar no FOR $i;
				$parcelas_sem_juros = $this->config->get('module_parcelamento_premium_parcelas_sem_juros');
				$juros_mes = $this->config->get('module_parcelamento_premium_juros_mes');
				$parcela_minima = $this->config->get('module_parcelamento_premium_parcela_minima');

				$data['cartao_parcelamento'] = array();

				if($cartao_price >= $parcela_minima){
					for ($i = 1; $i < $total_parcelas; $i++) {
						$price_mes = $cartao_price / $i;
						if ($price_mes >= $parcela_minima) {
							if ($i <= $parcelas_sem_juros) {
								$juros_mes = 0;
								$price_mes = number_format($price_mes, 2, ',', '.');
								$price_mes_formated = $this->document->formatMoney($price_mes);
								$price_total = $price_mes_formated * $i;
								$data['parcelamento_inline'] = '<span class="text-start"><b>' . $i . 'x</b> de <b>R$ ' . $price_mes . '</b> <b>sem juros</b></span>';
								$data['cartao_parcelamento'][] = '<span class="text-start"><b>' . $i . 'x</b> de <b>R$ ' . $price_mes . '</b> <b>sem juros</b></span> <span class="text-end"><b>R$ ' . number_format($price_total, 2, ',', '.') . '</b></span>';
							} else {
								$juros_mes = $this->config->get('module_parcelamento_premium_juros_mes') * $i;
								$juros_aplicado = $price_mes + ($price_mes / 100 * $juros_mes);
								$price_total = $juros_aplicado * $i;
								$price_mes = number_format($juros_aplicado, 2, ',', '.');
								$data['parcelamento_inline'] = '<span class="text-start"><b>' . $i . 'x</b> de <b>R$ ' . $price_mes . '</b> com juros</span>';
								$data['cartao_parcelamento'][] = '<span class="text-start"><b>' . $i . 'x</b> de <b>R$ ' . $price_mes . '</b> com juros</span> <span class="text-end"><b>R$ ' . number_format($price_total, 2, ',', '.') . '</b></span>';
							}
						}
					}
				}else{
					$data['parcelamento_inline'] = '<span class="text-start"><b>1x</b> de <b>R$ ' . number_format($cartao_price, 2, ',', '.') . '</b> com juros</span>';
					$data['cartao_parcelamento'][] = '<span class="text-start"><b>1x</b> de <b>R$ ' . number_format($cartao_price, 2, ',', '.') . '</b> sem juros</span> <span class="text-end"><b>R$ ' . number_format($cartao_price, 2, ',', '.') . '</b></span>';
					$data['cartao_parcelamento'][] = '<span class="text-start"><small>* Parcela mínima é R$ '.$parcela_minima.'</small></span>';
				}
			}
			// Parcelamento Premium - Product Detalhado
		]]></add>
		</operation>

		<operation>
			<search><![CDATA[
				$data['heading_title'] = $product_info['name'];
			]]></search>
			<add position="after"><![CDATA[
			$data['bandeiras_status'] = $this->config->get('module_parcelamento_premium_bandeiras_status');
			
			$bandeiras = [
				'visa',
				'mastercard',
				'amex',
				'diners',
				'hipercard',
				'elo',
				'boleto',
				'pix',
				'itau',
				'bradesco',
				'caixa',
				'bancobrasil',
				'santander',
				'paypal',
				'pagseguro',
				'mercadopago',
				'gerencianet',
				'appmax',
			];

			foreach($bandeiras as $bandeira){
				$getBandeira = $this->config->get('module_parcelamento_premium_bandeira_'.$bandeira);
				if (isset($getBandeira)) {
					$data['bandeira_'.$bandeira] = $getBandeira;
				} 
			}
			]]></add>
		</operation>
</file> 

<file path="catalog/view/theme/*/template/product/product.twig">
	<operation>
		<search><![CDATA[
			{% if minimum > 1 %}
		]]></search>
		<add position="before"><![CDATA[             		
            {# Parcelamento Premium - Product Detalhado #}
			<div class="parcelamento-tabela">
				<div class="panel-group" id="accordion" role="tablist" aria-multiselectable="true">
					{% if cartao_status %}
					<div class="panel panel-default border rounded p-3 mb-3">
						<div class="panel-heading" role="tab" id="headingOne">
							<h4 class="panel-title">
								<a role="button" data-toggle="collapse" data-parent="#accordion"
									href="#collapseOne" aria-expanded="true" aria-controls="collapseOne">
									<div class="d-flex align-items-center justify-content-between">
										<div class="parcelamento-cartoes">
											<ul>
											{% if bandeira_visa %}
											<li><img src="./_galerias/payment/mini/visa.png" alt="Cartão Visa"></li>
											{% endif %}

											{% if bandeira_mastercard %}
											<li><img src="./_galerias/payment/mini/mastercard.png" alt="Cartão Master Card"></li>
											{% endif %}
											{% if bandeira_amex %}

											<li><img src="./_galerias/payment/mini/amex.png" alt="Cartão American Express"></li>
											{% endif %}
											{% if bandeira_diners %}

											<li><img src="./_galerias/payment/mini/diners.png" alt="Cartão Diners Club"></li>
											{% endif %}

											{% if bandeira_hipercard %}
											<li><img src="./_galerias/payment/mini/hipercard.png" alt="Cartão Hipercard"></li>
											{% endif %}

											{% if bandeira_elo %}
											<li><img src="./_galerias/payment/mini/elo.png" alt="Cartão ELO"></li>
											{% endif %}
											</ul>
										</div>
										<div><a href="javascript:;" class="openTable" data-target="collapseOne"><i class="fas fa-arrow-circle-down"></i></a></div>
									</div>
								</a>
							</h4>
						</div>
						<div id="collapseOne" class="panel-collapse collapse" role="tabpanel"
							aria-labelledby="headingOne">
							<div class="panel-body">
								<ul class="list-parcelamento">
									{% for parcelamento_unit in cartao_parcelamento %}
									<li class="d-flex justify-content-between">{{parcelamento_unit}}</li>
									{% endfor %}
								</ul>
							</div>
						</div>
					</div><!-- panel -->
					<script>
						$('.openTable').click(function(e){
							e.preventDefault();
							var target = $(this).attr('data-target');
							$('#'+target).toggleClass('collapse');
						});
					</script>
					{% endif %}

					
					{% if pix_status or boleto_status %}
						{% if pix_desconto == boleto_desconto %}
							<div class="panel panel-default border rounded p-3 mb-3">
								<div class="panel-heading" role="tab" id="headingTwo">
									<h4 class="panel-title">
										<a class="collapsed" role="button" data-toggle="collapse"
											data-parent="#accordion" href="#" style="cursor:default;">
											<div class="d-flex align-items-center justify-content-between">
												<div class="parcelamento-cartoes">
													<ul>
														<li><img src="./_galerias/payment/mini/pix.png"
																class="img-responsive" alt="PIX"></li>
														<li><img src="./_galerias/payment/mini/boleto.png"
																class="img-responsive" alt="BOLETO"></li>
													</ul>
												</div>
												<div class="price_desconto">
													<span class="total">Total:</span>
													<span class="total_price">
														{% if pix_desconto > 0 %}
															{{pix_price}} (-{{pix_desconto}}% OFF)
														{% else %}
															{{pix_price}}
														{% endif %}
													</span>
												</div>
											</div>
										</a>
									</h4>
								</div>
							</div>
						{% else %}
							{% if pix_status %}
								<div class="panel panel-default border rounded p-3 mb-3">
									<div class="panel-heading" role="tab" id="headingTwo">
										<h4 class="panel-title">
											<a class="collapsed" role="button" data-toggle="collapse"
												data-parent="#accordion" href="#" style="cursor:default;">
												<div class="d-flex align-items-center justify-content-between">
													<div class="parcelamento-cartoes">
														<ul>
															<li><img src="./_galerias/payment/mini/pix.png"
																	class="img-responsive" alt="PIX"></li>
														</ul>
													</div>
													<div class="price_desconto">
														<span class="total">Total:</span>
														<span class="total_price">
															{% if pix_desconto > 0 %}
																{{pix_price}} (-{{pix_desconto}}% OFF)
															{% else %}
																{{pix_price}}
															{% endif %}
														</span>
													</div>
												</div>
											</a>
										</h4>
									</div>
								</div>
							{% endif %}
							{% if boleto_status %}
								<div class="panel panel-default border rounded p-3 mb-3">
									<div class="panel-heading" role="tab" id="headingTwo">
										<h4 class="panel-title">
											<a class="collapsed" role="button" data-toggle="collapse"
												data-parent="#accordion" href="#" style="cursor:default;">
												<div class="d-flex align-items-center justify-content-between">
													<div class="parcelamento-cartoes">
														<ul>
															<li><img src="./_galerias/payment/mini/boleto.png"
																	class="img-responsive" alt="Boleto Bancário"></li>
														</ul>
													</div>
													<div class="price_desconto">
														<span class="total">Total:</span>
														<span class="total_price">
															{% if boleto_desconto > 0 %}
																{{boleto_price}} (-{{boleto_desconto}}% OFF)
															{% else %}
																{{boleto_price}}
															{% endif %}
														</span>
													</div>
												</div>
											</a>
										</h4>
									</div>
								</div>
							{% endif %}
						{% endif %}
					{% endif %}
				</div>
			</div><!-- end parcelamento -->
			{# Parcelamento Premium - Product Detalhado #}

		]]></add>
		</operation>

</file> 


<file path="catalog/controller/product/{category}*.php">
	<operation>
		<search><![CDATA[
			$data['products'][] = array(
		]]></search>
		<add position="before"><![CDATA[             		
			// Parcelamento Premium - Extensions and Others Pages
			if ($result['price']) {

				// Defini uma nova variavel para receber o preco normal ou com desconto
				if (!is_null($result['special']) && (float)$result['special'] >= 0) {
					$price_unfomated = $special;
					$price_formated = $this->document->formatMoney($special);
				} else {
					$price_unfomated = $price;
					$price_formated = $this->document->formatMoney($price);
				}
				
				/* Preco PIX com Desconto */
				if ($this->config->get('module_parcelamento_premium_pix_desconto')) {
					$pix_desconto = $this->config->get('module_parcelamento_premium_pix_desconto');
					$pix_price = $price_formated;

					$new_price = $pix_price - ($pix_price / 100 * $pix_desconto);
					$new_price = number_format($new_price, 2, ',', '.');

					$pix_text = 'ou '. $new_price .' (-'. $pix_desconto .'%)';
					
				} else {
					$pix_desconto = 0;
					$pix_text = 'ou '. $price_unfomated;
				}
				
				/* Preco Boleto com Desconto */
				if ($this->config->get('module_parcelamento_premium_boleto_desconto')) {
					$boleto_desconto = $this->config->get('module_parcelamento_premium_boleto_desconto');
					$boleto_price = $price_formated;

					$new_price = $boleto_price - ($boleto_price / 100 * $boleto_desconto);
					$new_price = number_format($new_price, 2, ',', '.');
					
					$boleto_text = 'ou '. $new_price .' (-'. $boleto_desconto .'%)';
				} else {
					$boleto_desconto = 0;
					$boleto_text = 'ou '. $price_unfomated;
				}

				$cartao_price = $price_formated;

				$total_parcelas = $this->config->get('module_parcelamento_premium_total_parcelas') + 1; // + 1 para compensar no FOR $i;
				$parcelas_sem_juros = $this->config->get('module_parcelamento_premium_parcelas_sem_juros');
				$juros_mes = $this->config->get('module_parcelamento_premium_juros_mes');
				$parcela_minima = $this->config->get('module_parcelamento_premium_parcela_minima');

				if($cartao_price >= $parcela_minima){
					for ($i = 1; $i < $total_parcelas; $i++) {
						$price_mes = $cartao_price / $i;
						if ($price_mes >= $parcela_minima) {
							if ($i <= $parcelas_sem_juros) {
								$juros_mes = 0;
								$price_mes = number_format($price_mes, 2, ',', '.');
								$price_mes_formated = $this->document->formatMoney($price_mes);
								$price_total = $price_mes_formated * $i;
								$parcelamento_inline = '<span class="text-start"><b>' . $i . 'x</b> de <b>R$ ' . $price_mes . '</b> <b>sem juros</b></span>';
							} else {
								$juros_mes = $this->config->get('module_parcelamento_premium_juros_mes') * $i;
								$juros_aplicado = $price_mes + ($price_mes / 100 * $juros_mes);
								$price_total = $juros_aplicado * $i;
								$price_mes = number_format($juros_aplicado, 2, ',', '.');
								$parcelamento_inline = '<span class="text-start"><b>' . $i . 'x</b> de <b>R$ ' . $price_mes . '</b> com juros</span>';
							}
						}
					}
				}else{
					$parcelamento_inline = '<span class="text-start"><b>1x</b> de <b>R$ ' . number_format($cartao_price, 2, ',', '.') . '</b> sem juros</span>';
				}
			}
			// Parcelamento Premium - Extensions and Others Pages
		]]></add>
		</operation>

	<operation>
		<search><![CDATA[
			$data['heading_title'] = $category_info['name'];
		]]></search>
		<add position="after"><![CDATA[             		
				// Parcelamento Premium - Extensions and Others Pages
				$data['pix_status'] = $this->config->get('module_parcelamento_premium_pix');
				$data['boleto_status'] = $this->config->get('module_parcelamento_premium_boleto');
				$data['cartao_status'] = $this->config->get('module_parcelamento_premium_cartao');
				// Parcelamento Premium - Extensions and Others Pages
		]]></add>
		</operation>

	<operation>
		<search><![CDATA[
			'rating'      => $result['rating'],
		]]></search>
		<add position="before"><![CDATA[             		
			// Parcelamento Premium - Extensions and Others Pages
			'parcelamento'    => $parcelamento_inline,
			'pix_text'    => $pix_text,
			'pix_desconto'    => $pix_desconto,
			'boleto_text'    => $boleto_text,
			'boleto_desconto'    => $boleto_desconto,
			// Parcelamento Premium - Extensions and Others Pages
		]]></add>
		</operation>
</file> 

<file path="catalog/controller/product/{manufacturer}*.php">
	<operation>
		<search><![CDATA[
			$data['products'][] = array(
		]]></search>
		<add position="before"><![CDATA[             		
			// Parcelamento Premium - Extensions and Others Pages
			if ($result['price']) {

				// Defini uma nova variavel para receber o preco normal ou com desconto
				if (!is_null($result['special']) && (float)$result['special'] >= 0) {
					$price_unfomated = $special;
					$price_formated = $this->document->formatMoney($special);
				} else {
					$price_unfomated = $price;
					$price_formated = $this->document->formatMoney($price);
				}
				
				/* Preco PIX com Desconto */
				if ($this->config->get('module_parcelamento_premium_pix_desconto')) {
					$pix_desconto = $this->config->get('module_parcelamento_premium_pix_desconto');
					$pix_price = $price_formated;

					$new_price = $pix_price - ($pix_price / 100 * $pix_desconto);
					$new_price = number_format($new_price, 2, ',', '.');

					$pix_text = 'ou '. $new_price .' (-'. $pix_desconto .'%)';
					
				} else {
					$pix_desconto = 0;
					$pix_text = 'ou '. $price_unfomated;
				}
				
				/* Preco Boleto com Desconto */
				if ($this->config->get('module_parcelamento_premium_boleto_desconto')) {
					$boleto_desconto = $this->config->get('module_parcelamento_premium_boleto_desconto');
					$boleto_price = $price_formated;

					$new_price = $boleto_price - ($boleto_price / 100 * $boleto_desconto);
					$new_price = number_format($new_price, 2, ',', '.');
					
					$boleto_text = 'ou '. $new_price .' (-'. $boleto_desconto .'%)';
				} else {
					$boleto_desconto = 0;
					$boleto_text = 'ou '. $price_unfomated;
				}

				$cartao_price = $price_formated;

				$total_parcelas = $this->config->get('module_parcelamento_premium_total_parcelas') + 1; // + 1 para compensar no FOR $i;
				$parcelas_sem_juros = $this->config->get('module_parcelamento_premium_parcelas_sem_juros');
				$juros_mes = $this->config->get('module_parcelamento_premium_juros_mes');
				$parcela_minima = $this->config->get('module_parcelamento_premium_parcela_minima');

				if($cartao_price >= $parcela_minima){
					for ($i = 1; $i < $total_parcelas; $i++) {
						$price_mes = $cartao_price / $i;
						if ($price_mes >= $parcela_minima) {
							if ($i <= $parcelas_sem_juros) {
								$juros_mes = 0;
								$price_mes = number_format($price_mes, 2, ',', '.');
								$price_mes_formated = $this->document->formatMoney($price_mes);
								$price_total = $price_mes_formated * $i;
								$parcelamento_inline = '<span class="text-start"><b>' . $i . 'x</b> de <b>R$ ' . $price_mes . '</b> <b>sem juros</b></span>';
							} else {
								$juros_mes = $this->config->get('module_parcelamento_premium_juros_mes') * $i;
								$juros_aplicado = $price_mes + ($price_mes / 100 * $juros_mes);
								$price_total = $juros_aplicado * $i;
								$price_mes = number_format($juros_aplicado, 2, ',', '.');
								$parcelamento_inline = '<span class="text-start"><b>' . $i . 'x</b> de <b>R$ ' . $price_mes . '</b> com juros</span>';
							}
						}
					}
				}else{
					$parcelamento_inline = '<span class="text-start"><b>1x</b> de <b>R$ ' . number_format($cartao_price, 2, ',', '.') . '</b> sem juros</span>';
				}
			}
			// Parcelamento Premium - Extensions and Others Pages
		]]></add>
		</operation>

	<operation>
		<search><![CDATA[
			$data['heading_title'] = $manufacturer_info['name'];
		]]></search>
		<add position="after"><![CDATA[             		
				// Parcelamento Premium - Extensions and Others Pages
				$data['pix_status'] = $this->config->get('module_parcelamento_premium_pix');
				$data['boleto_status'] = $this->config->get('module_parcelamento_premium_boleto');
				$data['cartao_status'] = $this->config->get('module_parcelamento_premium_cartao');
				// Parcelamento Premium - Extensions and Others Pages
		]]></add>
		</operation>

	<operation>
		<search><![CDATA[
			'rating'      => $result['rating'],
		]]></search>
		<add position="before"><![CDATA[             		
			// Parcelamento Premium - Extensions and Others Pages
			'parcelamento'    => $parcelamento_inline,
			'pix_text'    => $pix_text,
			'pix_desconto'    => $pix_desconto,
			'boleto_text'    => $boleto_text,
			'boleto_desconto'    => $boleto_desconto,
			// Parcelamento Premium - Extensions and Others Pages
		]]></add>
		</operation>
</file> 

<file path="catalog/controller/product/{search}*.php">
	<operation>
		<search><![CDATA[
			$data['products'][] = array(
		]]></search>
		<add position="before"><![CDATA[             		
			// Parcelamento Premium - Extensions and Others Pages
			if ($result['price']) {

				// Defini uma nova variavel para receber o preco normal ou com desconto
				if (!is_null($result['special']) && (float)$result['special'] >= 0) {
					$price_unfomated = $special;
					$price_formated = $this->document->formatMoney($special);
				} else {
					$price_unfomated = $price;
					$price_formated = $this->document->formatMoney($price);
				}
				
				/* Preco PIX com Desconto */
				if ($this->config->get('module_parcelamento_premium_pix_desconto')) {
					$pix_desconto = $this->config->get('module_parcelamento_premium_pix_desconto');
					$pix_price = $price_formated;

					$new_price = $pix_price - ($pix_price / 100 * $pix_desconto);
					$new_price = number_format($new_price, 2, ',', '.');

					$pix_text = 'ou '. $new_price .' (-'. $pix_desconto .'%)';
					
				} else {
					$pix_desconto = 0;
					$pix_text = 'ou '. $price_unfomated;
				}
				
				/* Preco Boleto com Desconto */
				if ($this->config->get('module_parcelamento_premium_boleto_desconto')) {
					$boleto_desconto = $this->config->get('module_parcelamento_premium_boleto_desconto');
					$boleto_price = $price_formated;

					$new_price = $boleto_price - ($boleto_price / 100 * $boleto_desconto);
					$new_price = number_format($new_price, 2, ',', '.');
					
					$boleto_text = 'ou '. $new_price .' (-'. $boleto_desconto .'%)';
				} else {
					$boleto_desconto = 0;
					$boleto_text = 'ou '. $price_unfomated;
				}

				$cartao_price = $price_formated;

				$total_parcelas = $this->config->get('module_parcelamento_premium_total_parcelas') + 1; // + 1 para compensar no FOR $i;
				$parcelas_sem_juros = $this->config->get('module_parcelamento_premium_parcelas_sem_juros');
				$juros_mes = $this->config->get('module_parcelamento_premium_juros_mes');
				$parcela_minima = $this->config->get('module_parcelamento_premium_parcela_minima');

				if($cartao_price >= $parcela_minima){
					for ($i = 1; $i < $total_parcelas; $i++) {
						$price_mes = $cartao_price / $i;
						if ($price_mes >= $parcela_minima) {
							if ($i <= $parcelas_sem_juros) {
								$juros_mes = 0;
								$price_mes = number_format($price_mes, 2, ',', '.');
								$price_mes_formated = $this->document->formatMoney($price_mes);
								$price_total = $price_mes_formated * $i;
								$parcelamento_inline = '<span class="text-start"><b>' . $i . 'x</b> de <b>R$ ' . $price_mes . '</b> <b>sem juros</b></span>';
							} else {
								$juros_mes = $this->config->get('module_parcelamento_premium_juros_mes') * $i;
								$juros_aplicado = $price_mes + ($price_mes / 100 * $juros_mes);
								$price_total = $juros_aplicado * $i;
								$price_mes = number_format($juros_aplicado, 2, ',', '.');
								$parcelamento_inline = '<span class="text-start"><b>' . $i . 'x</b> de <b>R$ ' . $price_mes . '</b> com juros</span>';
							}
						}
					}
				}else{
					$parcelamento_inline = '<span class="text-start"><b>1x</b> de <b>R$ ' . number_format($cartao_price, 2, ',', '.') . '</b> sem juros</span>';
				}
			}
			// Parcelamento Premium - Extensions and Others Pages
		]]></add>
		</operation>

	<operation>
		<search><![CDATA[
			if (isset($this->request->get['search']) || isset($this->request->get['tag'])) {
		]]></search>
		<add position="after"><![CDATA[             		
				// Parcelamento Premium - Extensions and Others Pages
				$data['pix_status'] = $this->config->get('module_parcelamento_premium_pix');
				$data['boleto_status'] = $this->config->get('module_parcelamento_premium_boleto');
				$data['cartao_status'] = $this->config->get('module_parcelamento_premium_cartao');
				// Parcelamento Premium - Extensions and Others Pages
		]]></add>
		</operation>

	<operation>
		<search><![CDATA[
			'rating'      => $result['rating'],
		]]></search>
		<add position="before"><![CDATA[             		
			// Parcelamento Premium - Extensions and Others Pages
			'parcelamento'    => $parcelamento_inline,
			'pix_text'    => $pix_text,
			'pix_desconto'    => $pix_desconto,
			'boleto_text'    => $boleto_text,
			'boleto_desconto'    => $boleto_desconto,
			// Parcelamento Premium - Extensions and Others Pages
		]]></add>
		</operation>
</file> 

<file path="catalog/controller/product/{special}*.php">
	<operation>
		<search><![CDATA[
			$data['products'][] = array(
		]]></search>
		<add position="before"><![CDATA[             		
			// Parcelamento Premium - Extensions and Others Pages
			if ($result['price']) {

				// Defini uma nova variavel para receber o preco normal ou com desconto
				if (!is_null($result['special']) && (float)$result['special'] >= 0) {
					$price_unfomated = $special;
					$price_formated = $this->document->formatMoney($special);
				} else {
					$price_unfomated = $price;
					$price_formated = $this->document->formatMoney($price);
				}
				
				/* Preco PIX com Desconto */
				if ($this->config->get('module_parcelamento_premium_pix_desconto')) {
					$pix_desconto = $this->config->get('module_parcelamento_premium_pix_desconto');
					$pix_price = $price_formated;

					$new_price = $pix_price - ($pix_price / 100 * $pix_desconto);
					$new_price = number_format($new_price, 2, ',', '.');

					$pix_text = 'ou '. $new_price .' (-'. $pix_desconto .'%)';
					
				} else {
					$pix_desconto = 0;
					$pix_text = 'ou '. $price_unfomated;
				}
				
				/* Preco Boleto com Desconto */
				if ($this->config->get('module_parcelamento_premium_boleto_desconto')) {
					$boleto_desconto = $this->config->get('module_parcelamento_premium_boleto_desconto');
					$boleto_price = $price_formated;

					$new_price = $boleto_price - ($boleto_price / 100 * $boleto_desconto);
					$new_price = number_format($new_price, 2, ',', '.');
					
					$boleto_text = 'ou '. $new_price .' (-'. $boleto_desconto .'%)';
				} else {
					$boleto_desconto = 0;
					$boleto_text = 'ou '. $price_unfomated;
				}

				$cartao_price = $price_formated;

				$total_parcelas = $this->config->get('module_parcelamento_premium_total_parcelas') + 1; // + 1 para compensar no FOR $i;
				$parcelas_sem_juros = $this->config->get('module_parcelamento_premium_parcelas_sem_juros');
				$juros_mes = $this->config->get('module_parcelamento_premium_juros_mes');
				$parcela_minima = $this->config->get('module_parcelamento_premium_parcela_minima');

				if($cartao_price >= $parcela_minima){
					for ($i = 1; $i < $total_parcelas; $i++) {
						$price_mes = $cartao_price / $i;
						if ($price_mes >= $parcela_minima) {
							if ($i <= $parcelas_sem_juros) {
								$juros_mes = 0;
								$price_mes = number_format($price_mes, 2, ',', '.');
								$price_mes_formated = $this->document->formatMoney($price_mes);
								$price_total = $price_mes_formated * $i;
								$parcelamento_inline = '<span class="text-start"><b>' . $i . 'x</b> de <b>R$ ' . $price_mes . '</b> <b>sem juros</b></span>';
							} else {
								$juros_mes = $this->config->get('module_parcelamento_premium_juros_mes') * $i;
								$juros_aplicado = $price_mes + ($price_mes / 100 * $juros_mes);
								$price_total = $juros_aplicado * $i;
								$price_mes = number_format($juros_aplicado, 2, ',', '.');
								$parcelamento_inline = '<span class="text-start"><b>' . $i . 'x</b> de <b>R$ ' . $price_mes . '</b> com juros</span>';
							}
						}
					}
				}else{
					$parcelamento_inline = '<span class="text-start"><b>1x</b> de <b>R$ ' . number_format($cartao_price, 2, ',', '.') . '</b> sem juros</span>';
				}
			}
			// Parcelamento Premium - Extensions and Others Pages
		]]></add>
		</operation>

	<operation>
		<search><![CDATA[
			$this->document->setTitle($this->language->get('heading_title'));
		]]></search>
		<add position="after"><![CDATA[             		
				// Parcelamento Premium - Extensions and Others Pages
				$data['pix_status'] = $this->config->get('module_parcelamento_premium_pix');
				$data['boleto_status'] = $this->config->get('module_parcelamento_premium_boleto');
				$data['cartao_status'] = $this->config->get('module_parcelamento_premium_cartao');
				// Parcelamento Premium - Extensions and Others Pages
		]]></add>
		</operation>

	<operation>
		<search><![CDATA[
			'rating'      => $rating,
		]]></search>
		<add position="before"><![CDATA[             		
			// Parcelamento Premium - Extensions and Others Pages
			'parcelamento'    => $parcelamento_inline,
			'pix_text'    => $pix_text,
			'pix_desconto'    => $pix_desconto,
			'boleto_text'    => $boleto_text,
			'boleto_desconto'    => $boleto_desconto,
			// Parcelamento Premium - Extensions and Others Pages
		]]></add>
		</operation>
</file> 

<file path="catalog/controller/extension/module/{bestseller,latest,random,special}*.php">
	<operation>
		<search><![CDATA[
			$data['products'][] = array(
		]]></search>
		<add position="before"><![CDATA[             		
			// Parcelamento Premium - Extensions and Others Pages
			if ($result['price']) {

				// Defini uma nova variavel para receber o preco normal ou com desconto
				if (!is_null($result['special']) && (float)$result['special'] >= 0) {
					$price_unfomated = $special;
					$price_formated = $this->document->formatMoney($special);
				} else {
					$price_unfomated = $price;
					$price_formated = $this->document->formatMoney($price);
				}
				
				/* Preco PIX com Desconto */
				if ($this->config->get('module_parcelamento_premium_pix_desconto')) {
					$pix_desconto = $this->config->get('module_parcelamento_premium_pix_desconto');
					$pix_price = $price_formated;

					$new_price = $pix_price - ($pix_price / 100 * $pix_desconto);
					$new_price = number_format($new_price, 2, ',', '.');

					$pix_text = 'ou '. $new_price .' (-'. $pix_desconto .'%)';
					
				} else {
					$pix_desconto = 0;
					$pix_text = 'ou '. $price_unfomated;
				}
				
				/* Preco Boleto com Desconto */
				if ($this->config->get('module_parcelamento_premium_boleto_desconto')) {
					$boleto_desconto = $this->config->get('module_parcelamento_premium_boleto_desconto');
					$boleto_price = $price_formated;

					$new_price = $boleto_price - ($boleto_price / 100 * $boleto_desconto);
					$new_price = number_format($new_price, 2, ',', '.');
					
					$boleto_text = 'ou '. $new_price .' (-'. $boleto_desconto .'%)';
				} else {
					$boleto_desconto = 0;
					$boleto_text = 'ou '. $price_unfomated;
				}

				$cartao_price = $price_formated;

				$total_parcelas = $this->config->get('module_parcelamento_premium_total_parcelas') + 1; // + 1 para compensar no FOR $i;
				$parcelas_sem_juros = $this->config->get('module_parcelamento_premium_parcelas_sem_juros');
				$juros_mes = $this->config->get('module_parcelamento_premium_juros_mes');
				$parcela_minima = $this->config->get('module_parcelamento_premium_parcela_minima');

				if($cartao_price >= $parcela_minima){
					for ($i = 1; $i < $total_parcelas; $i++) {
						$price_mes = $cartao_price / $i;
						if ($price_mes >= $parcela_minima) {
							if ($i <= $parcelas_sem_juros) {
								$juros_mes = 0;
								$price_mes = number_format($price_mes, 2, ',', '.');
								$price_mes_formated = $this->document->formatMoney($price_mes);
								$price_total = $price_mes_formated * $i;
								$parcelamento_inline = '<span class="text-start"><b>' . $i . 'x</b> de <b>R$ ' . $price_mes . '</b> <b>sem juros</b></span>';
							} else {
								$juros_mes = $this->config->get('module_parcelamento_premium_juros_mes') * $i;
								$juros_aplicado = $price_mes + ($price_mes / 100 * $juros_mes);
								$price_total = $juros_aplicado * $i;
								$price_mes = number_format($juros_aplicado, 2, ',', '.');
								$parcelamento_inline = '<span class="text-start"><b>' . $i . 'x</b> de <b>R$ ' . $price_mes . '</b> com juros</span>';
							}
						}
					}
				}else{
					$parcelamento_inline = '<span class="text-start"><b>1x</b> de <b>R$ ' . number_format($cartao_price, 2, ',', '.') . '</b> sem juros</span>';
				}
			}
			// Parcelamento Premium - Extensions and Others Pages
		]]></add>
		</operation>

	<operation>
		<search><![CDATA[
			$data['heading_title'] = $setting['name'];
		]]></search>
		<add position="after"><![CDATA[             		
				// Parcelamento Premium - Extensions and Others Pages
				$data['pix_status'] = $this->config->get('module_parcelamento_premium_pix');
				$data['boleto_status'] = $this->config->get('module_parcelamento_premium_boleto');
				$data['cartao_status'] = $this->config->get('module_parcelamento_premium_cartao');
				// Parcelamento Premium - Extensions and Others Pages
		]]></add>
		</operation>

	<operation>
		<search><![CDATA[
			'rating'      => $rating,
		]]></search>
		<add position="before"><![CDATA[             		
			// Parcelamento Premium - Extensions and Others Pages
			'parcelamento'    => $parcelamento_inline,
			'pix_text'    => $pix_text,
			'pix_desconto'    => $pix_desconto,
			'boleto_text'    => $boleto_text,
			'boleto_desconto'    => $boleto_desconto,
			// Parcelamento Premium - Extensions and Others Pages
		]]></add>
		</operation>
</file> 

<file path="catalog/controller/extension/module/{categoryto,featured}*.php">
	<operation>
		<search><![CDATA[
			$data['products'][] = array(
		]]></search>
		<add position="before"><![CDATA[             		
			// Parcelamento Premium - Extensions and Others Pages
			if ($product_info['price']) {

				// Defini uma nova variavel para receber o preco normal ou com desconto
				if (!is_null($product_info['special']) && (float)$product_info['special'] >= 0) {
					$price_unfomated = $special;
					$price_formated = $this->document->formatMoney($special);
				} else {
					$price_unfomated = $price;
					$price_formated = $this->document->formatMoney($price);
				}
				
				/* Preco PIX com Desconto */
				if ($this->config->get('module_parcelamento_premium_pix_desconto')) {
					$pix_desconto = $this->config->get('module_parcelamento_premium_pix_desconto');
					$pix_price = $price_formated;

					$new_price = $pix_price - ($pix_price / 100 * $pix_desconto);
					$new_price = number_format($new_price, 2, ',', '.');

					$pix_text = 'ou '. $new_price .' (-'. $pix_desconto .'%)';
					
				} else {
					$pix_desconto = 0;
					$pix_text = 'ou '. $price_unfomated;
				}
				
				/* Preco Boleto com Desconto */
				if ($this->config->get('module_parcelamento_premium_boleto_desconto')) {
					$boleto_desconto = $this->config->get('module_parcelamento_premium_boleto_desconto');
					$boleto_price = $price_formated;

					$new_price = $boleto_price - ($boleto_price / 100 * $boleto_desconto);
					$new_price = number_format($new_price, 2, ',', '.');
					
					$boleto_text = 'ou '. $new_price .' (-'. $boleto_desconto .'%)';
				} else {
					$boleto_desconto = 0;
					$boleto_text = 'ou '. $price_unfomated;
				}

				$cartao_price = $price_formated;

				$total_parcelas = $this->config->get('module_parcelamento_premium_total_parcelas') + 1; // + 1 para compensar no FOR $i;
				$parcelas_sem_juros = $this->config->get('module_parcelamento_premium_parcelas_sem_juros');
				$juros_mes = $this->config->get('module_parcelamento_premium_juros_mes');
				$parcela_minima = $this->config->get('module_parcelamento_premium_parcela_minima');

				if($cartao_price >= $parcela_minima){
					for ($i = 1; $i < $total_parcelas; $i++) {
						$price_mes = $cartao_price / $i;
						if ($price_mes >= $parcela_minima) {
							if ($i <= $parcelas_sem_juros) {
								$juros_mes = 0;
								$price_mes = number_format($price_mes, 2, ',', '.');
								$price_mes_formated = $this->document->formatMoney($price_mes);
								$price_total = $price_mes_formated * $i;
								$parcelamento_inline = '<span class="text-start"><b>' . $i . 'x</b> de <b>R$ ' . $price_mes . '</b> <b>sem juros</b></span>';
							} else {
								$juros_mes = $this->config->get('module_parcelamento_premium_juros_mes') * $i;
								$juros_aplicado = $price_mes + ($price_mes / 100 * $juros_mes);
								$price_total = $juros_aplicado * $i;
								$price_mes = number_format($juros_aplicado, 2, ',', '.');
								$parcelamento_inline = '<span class="text-start"><b>' . $i . 'x</b> de <b>R$ ' . $price_mes . '</b> com juros</span>';
							}
						}
					}
				}else{
					$parcelamento_inline = '<span class="text-start"><b>1x</b> de <b>R$ ' . number_format($cartao_price, 2, ',', '.') . '</b> sem juros</span>';
				}
			}
			// Parcelamento Premium - Extensions and Others Pages
		]]></add>
		</operation>

	<operation>
		<search><![CDATA[
			$data['heading_title'] = $setting['name'];
		]]></search>
		<add position="after"><![CDATA[             		
				// Parcelamento Premium - Extensions and Others Pages
				$data['pix_status'] = $this->config->get('module_parcelamento_premium_pix');
				$data['boleto_status'] = $this->config->get('module_parcelamento_premium_boleto');
				$data['cartao_status'] = $this->config->get('module_parcelamento_premium_cartao');
				// Parcelamento Premium - Extensions and Others Pages
		]]></add>
		</operation>

	<operation>
		<search><![CDATA[
			'rating'      => $rating,
		]]></search>
		<add position="before"><![CDATA[             		
			// Parcelamento Premium - Extensions and Others Pages
			'parcelamento'    => $parcelamento_inline,
			'pix_text'    => $pix_text,
			'pix_desconto'    => $pix_desconto,
			'boleto_text'    => $boleto_text,
			'boleto_desconto'    => $boleto_desconto,
			// Parcelamento Premium - Extensions and Others Pages
		]]></add>
		</operation>
</file> 

<file path="catalog/view/theme/*/template/extension/module/{bestseller,latest,random,special,categoryto,featured}*.twig">
	<operation>
		<search index="6"><![CDATA[
			{% endif %}
		]]></search>
		<add position="after"><![CDATA[             		
			{# Parcelamento Premium - Extensions and Others Pages #}
			{% if cartao_status %}
			<li class="parcelamento">
				{{ product.parcelamento }}
			</li>
			{% endif %}

			{% if pix_status or boleto_status %}
			{% if product.pix_desconto == product.boleto_desconto %}
			<li class="parcelamento">
				{{ product.pix_text }} no PIX/BOLETO
			</li>
			{% else %}
			{% if product.pix_desconto %}
			<li class="parcelamento">
				{{ product.pix_text }} no PIX
			</li>
			{% endif %}
			{% if product.boleto_desconto %}
			<li class="parcelamento">
				{{ product.boleto_text }} no BOLETO
			</li>
			{% endif %}
			{% endif %}
			{% endif %}
			{# Parcelamento Premium - Extensions and Others Pages #}
		]]></add>
		</operation>
</file> 

<file path="catalog/view/theme/*/template/product/{category}*.twig">
	<operation>
		<search index="11"><![CDATA[
			{% endif %}
		]]></search>
		<add position="after"><![CDATA[             		
			{# Parcelamento Premium - Extensions and Others Pages #}
			{% if cartao_status %}
			<li class="parcelamento">
				{{ product.parcelamento }}
			</li>
			{% endif %}

			{% if pix_status or boleto_status %}
			{% if product.pix_desconto == product.boleto_desconto %}
			<li class="parcelamento">
				{{ product.pix_text }} no PIX/BOLETO
			</li>
			{% else %}
			{% if product.pix_desconto %}
			<li class="parcelamento">
				{{ product.pix_text }} no PIX
			</li>
			{% endif %}
			{% if product.boleto_desconto %}
			<li class="parcelamento">
				{{ product.boleto_text }} no BOLETO
			</li>
			{% endif %}
			{% endif %}
			{% endif %}
			{# Parcelamento Premium - Extensions and Others Pages #}
		]]></add>
		</operation>
</file> 

<file path="catalog/view/theme/*/template/product/{manufacturer_info,special}*.twig">
	<operation>
		<search index="7"><![CDATA[
			{% endif %}
		]]></search>
		<add position="after"><![CDATA[             		
			{# Parcelamento Premium - Extensions and Others Pages #}
			{% if cartao_status %}
			<li class="parcelamento">
				{{ product.parcelamento }}
			</li>
			{% endif %}

			{% if pix_status or boleto_status %}
			{% if product.pix_desconto == product.boleto_desconto %}
			<li class="parcelamento">
				{{ product.pix_text }} no PIX/BOLETO
			</li>
			{% else %}
			{% if product.pix_desconto %}
			<li class="parcelamento">
				{{ product.pix_text }} no PIX
			</li>
			{% endif %}
			{% if product.boleto_desconto %}
			<li class="parcelamento">
				{{ product.boleto_text }} no BOLETO
			</li>
			{% endif %}
			{% endif %}
			{% endif %}
			{# Parcelamento Premium - Extensions and Others Pages #}
		]]></add>
		</operation>
</file> 

<file path="catalog/view/theme/*/template/product/{search}*.twig">
	<operation>
		<search index="12"><![CDATA[
			{% endif %}
		]]></search>
		<add position="after"><![CDATA[             		
			{# Parcelamento Premium - Extensions and Others Pages #}
			{% if cartao_status %}
			<li class="parcelamento">
				{{ product.parcelamento }}
			</li>
			{% endif %}

			{% if pix_status or boleto_status %}
			{% if product.pix_desconto == product.boleto_desconto %}
			<li class="parcelamento">
				{{ product.pix_text }} no PIX/BOLETO
			</li>
			{% else %}
			{% if product.pix_desconto %}
			<li class="parcelamento">
				{{ product.pix_text }} no PIX
			</li>
			{% endif %}
			{% if product.boleto_desconto %}
			<li class="parcelamento">
				{{ product.boleto_text }} no BOLETO
			</li>
			{% endif %}
			{% endif %}
			{% endif %}
			{# Parcelamento Premium - Extensions and Others Pages #}
		]]></add>
		</operation>
</file> 

</modification>