﻿<?xml version="1.0" encoding="utf-8"?>
<modification>
<name>Rede Sociais</name>
<code>Rede Sociais</code>
<version>1.0.0</version>
<author>InnSystem</author>
<link>https://www.innsystem.com.br</link>

	<file path="admin/controller/setting/setting.php">
	<operation>
		<search><![CDATA[
			$data['header'] = $this->load->controller('common/header');
		]]></search>
		<add position="before"><![CDATA[             		
			/* CUSTOM - REDE SOCIAL */
			if (isset($this->request->post['config_facebook'])) {
				$data['config_facebook'] = $this->request->post['config_facebook'];
			} else {
				$data['config_facebook'] = $this->config->get('config_facebook');
			}

			if (isset($this->request->post['config_facebook_url'])) {
				$data['config_facebook_url'] = $this->request->post['config_facebook_url'];
			} else {
				$data['config_facebook_url'] = $this->config->get('config_facebook_url');
			}

			if (isset($this->request->post['config_instagram'])) {
				$data['config_instagram'] = $this->request->post['config_instagram'];
			} else {
				$data['config_instagram'] = $this->config->get('config_instagram');
			}

			if (isset($this->request->post['config_instagram_url'])) {
				$data['config_instagram_url'] = $this->request->post['config_instagram_url'];
			} else {
				$data['config_instagram_url'] = $this->config->get('config_instagram_url');
			}

			if (isset($this->request->post['config_bfloat'])) {
				$data['config_bfloat'] = $this->request->post['config_bfloat'];
			} else {
				$data['config_bfloat'] = $this->config->get('config_bfloat');
			}

			if (isset($this->request->post['config_bfloat_whatsapp'])) {
				$data['config_bfloat_whatsapp'] = $this->request->post['config_bfloat_whatsapp'];
			} else {
				$data['config_bfloat_whatsapp'] = $this->config->get('config_bfloat_whatsapp');
			}

			if (isset($this->request->post['config_bfloat_facebook'])) {
				$data['config_bfloat_facebook'] = $this->request->post['config_bfloat_facebook'];
			} else {
				$data['config_bfloat_facebook'] = $this->config->get('config_bfloat_facebook');
			}

			if (isset($this->request->post['config_bfloat_messenger'])) {
				$data['config_bfloat_messenger'] = $this->request->post['config_bfloat_messenger'];
			} else {
				$data['config_bfloat_messenger'] = $this->config->get('config_bfloat_messenger');
			}

			if (isset($this->request->post['config_bfloat_instagram'])) {
				$data['config_bfloat_instagram'] = $this->request->post['config_bfloat_instagram'];
			} else {
				$data['config_bfloat_instagram'] = $this->config->get('config_bfloat_instagram');
			}

			if (isset($this->request->post['config_bfloat_mail'])) {
				$data['config_bfloat_mail'] = $this->request->post['config_bfloat_mail'];
			} else {
				$data['config_bfloat_mail'] = $this->config->get('config_bfloat_mail');
			}        
		]]></add>
		</operation>
</file> 

<file path="admin/view/template/setting/setting.twig">
	<operation>
		<search><![CDATA[
		<li><a href="#tab-image" data-toggle="tab">{{ tab_image }}</a></li>
		]]></search>
		<add position="after"><![CDATA[ 
		<li><a href="#tab-redesocial" data-toggle="tab">Rede Social</a></li>
		]]></add>
	</operation>

	<operation>
		<search><![CDATA[
        <div class="tab-pane" id="tab-server">
		]]></search>
		<add position="before"><![CDATA[ 
            <!-- custom -->
            <div class="tab-pane" id="tab-redesocial">
              <div class="row">
                <div class="col-12 col-sm-6 col-lg-6">
                    <fieldset>
                    <legend>Facebook</legend>
                    <div class="form-group">
                      <label class="col-sm-2 control-label"><span data-toggle="tooltip" title="Exibe a Box do Facebook no rodapé da Loja.">Habilitar</span></label>
                      <div class="col-sm-10">
                        <label class="radio-inline"> {% if config_facebook %}
                          <input type="radio" name="config_facebook" value="1" checked="checked" />
                          {{ text_yes }}
                          {% else %}
                          <input type="radio" name="config_facebook" value="1" />
                          {{ text_yes }}
                          {% endif %} </label>
                        <label class="radio-inline"> {% if not config_facebook %}
                          <input type="radio" name="config_facebook" value="0" checked="checked" />
                          {{ text_no }}
                          {% else %}
                          <input type="radio" name="config_facebook" value="0" />
                          {{ text_no }}
                          {% endif %} </label>
                      </div>
                    </div><!-- form-group -->
                    <div class="form-group">
                      <label class="col-sm-2 control-label"><span data-toggle="tooltip" title="Coloque a URL completa da sua Página do Facebook.">URL</span></label>
                      <div class="col-sm-10">
                        <input type="text" name="config_facebook_url" value="{{ config_facebook_url }}" placeholder="https://www.facebook.com/innsystem/" id="input-config-facebook-url" class="form-control" />
                        <span class="help-block">É necessário colocar a URL completa de sua página. Por exemplo: <i>https://www.facebook.com/innsystem/</i></span>
                      </div>
                    </div><!-- form-group -->
                  </fieldset>
                  <fieldset>
                    <legend>Instagram</legend>
                    <div class="form-group">
                      <label class="col-sm-2 control-label"><span data-toggle="tooltip" title="Exibe a Widget do Instagram no rodapé da Loja.">Habilitar</span></label>
                      <div class="col-sm-10">
                        <label class="radio-inline"> {% if config_instagram %}
                          <input type="radio" name="config_instagram" value="1" checked="checked" />
                          {{ text_yes }}
                          {% else %}
                          <input type="radio" name="config_instagram" value="1" />
                          {{ text_yes }}
                          {% endif %} </label>
                        <label class="radio-inline"> {% if not config_instagram %}
                          <input type="radio" name="config_instagram" value="0" checked="checked" />
                          {{ text_no }}
                          {% else %}
                          <input type="radio" name="config_instagram" value="0" />
                          {{ text_no }}
                          {% endif %} </label>
                      </div>
                    </div><!-- form-group -->
                    <div class="form-group">
                      <label class="col-sm-2 control-label"><span data-toggle="tooltip" title="É necessário colocar apenas o nickname da sua página. Por exemplo: innsystem">Nickname</span></label>
                      <div class="col-sm-10">
                        <input type="text" name="config_instagram_url" value="{{ config_instagram_url }}" placeholder="innsystem" id="input-config-instagram-url" class="form-control" />
                        <span class="help-block">É necessário colocar apenas o nickname da sua página. Por exemplo: <i>innsystem</i></span>
                      </div>
                    </div><!-- form-group -->
                  </fieldset>                
                </div><!-- col -->
                <div class="col-12 col-sm-6 col-lg-6 pull-righ">
                  <fieldset>
                    <legend>Botão Flutuante</legend>
                    <div class="form-group">
                      <label class="col-sm-2 control-label"><span data-toggle="tooltip" title="Exibe a Widget do Instagram no rodapé da Loja.">Habilitar</span></label>
                      <div class="col-sm-10">
                        <label class="radio-inline"> {% if config_bfloat %}
                          <input type="radio" name="config_bfloat" value="1" checked="checked" />
                          {{ text_yes }}
                          {% else %}
                          <input type="radio" name="config_bfloat" value="1" />
                          {{ text_yes }}
                          {% endif %} </label>
                        <label class="radio-inline"> {% if not config_bfloat %}
                          <input type="radio" name="config_bfloat" value="0" checked="checked" />
                          {{ text_no }}
                          {% else %}
                          <input type="radio" name="config_bfloat" value="0" />
                          {{ text_no }}
                          {% endif %} </label>
                      </div>
                    </div><!-- form-group -->
                    <div class="form-group">
                      <label class="col-sm-2 control-label">
                        <span data-toggle="tooltip" title="Exemplo: (00) 9999-9999">WhatsApp</span></label>
                      <div class="col-sm-10">
                        <input type="text" name="config_bfloat_whatsapp" value="{{ config_bfloat_whatsapp }}" placeholder="(00) 9999-9999" id="input-config-bfloat-whatsapp" class="form-control maskPhone" />
                        <span class="help-block">Exemplo: <i>(00) 9999-9999</i></span>
                      </div>
                    </div><!-- form-group -->
                    <div class="form-group">
                      <label class="col-sm-2 control-label">
                        <span data-toggle="tooltip" title="Exemplo: innsystem">Facebook</span></label>
                      <div class="col-sm-10">
                        <div class="input-group">
                          <span class="input-group-addon" id="basic-addon1">https://facebook.com/</span>
                          <input type="text" name="config_bfloat_facebook" value="{{ config_bfloat_facebook }}" placeholder="suapagina" id="input-config-bfloat-facebook" class="form-control" />
                        </div>                        
                        <span class="help-block">Exemplo: <i>innsystem</i></span>
                      </div>
                    </div><!-- form-group -->
                    <div class="form-group">
                      <label class="col-sm-2 control-label">
                        <span data-toggle="tooltip" title="Exemplo: innsystem">Messeger</span></label>
                      <div class="col-sm-10">
                        <div class="input-group">
                          <span class="input-group-addon" id="basic-addon1">https://m.me/</span>
                          <input type="text" name="config_bfloat_messenger" value="{{ config_bfloat_messenger }}" placeholder="suapagina" id="input-config-bfloat-messenger" class="form-control" />
                        </div>                        
                        <span class="help-block">Exemplo: <i>innsystem</i></span>
                      </div>
                    </div><!-- form-group -->
                    <div class="form-group">
                      <label class="col-sm-2 control-label">
                        <span data-toggle="tooltip" title="Exemplo: innsystem">Instagram</span></label>
                      <div class="col-sm-10">
                        <div class="input-group">
                          <span class="input-group-addon" id="basic-addon1">https://instagram.com/</span>
                          <input type="text" name="config_bfloat_instagram" value="{{ config_bfloat_instagram }}" placeholder="suapagina" id="input-config-bfloat-instagram" class="form-control" />
                        </div>                        
                        <span class="help-block">Exemplo: <i>innsystem</i></span>
                      </div>
                    </div><!-- form-group -->
                    <div class="form-group">
                      <label class="col-sm-2 control-label">
                        <span data-toggle="tooltip" title="Insira seu e-mail para contato">E-mail</span></label>
                      <div class="col-sm-10">
                          <input type="text" name="config_bfloat_mail" value="{{ config_bfloat_mail }}" placeholder="email@dominio.com.br" id="input-config-bfloat-mail" class="form-control" />                
                        <span class="help-block">Exemplo: <i>contato@dominio.com.br</i></span>
                      </div>
                    </div><!-- form-group -->
                  </fieldset>  
                </div><!-- col-md-5 -->
              </div><!-- row -->

            </div>
            <!-- custom -->
		]]></add>
	</operation>
</file> 

<file path="catalog/controller/common/footer.php">
	<operation>
		<search><![CDATA[
			return $this->load->view('common/footer', $data);
		]]></search>
		<add position="before"><![CDATA[  
			/* CUSTOM - REDE SOCIAL */
			$retirar = array("(", ")", "-", " ", ".", ",");
			$data['facebook_status'] = $this->config->get('config_facebook');
			$data['facebook_url'] = $this->config->get('config_facebook_url');
			$data['instagram_status'] = $this->config->get('config_instagram');
			$data['instagram_url'] = $this->config->get('config_instagram_url');
			
			$data['bfloat_status'] = $this->config->get('config_bfloat');
			$data['bfloat_whatsapp'] = str_replace($retirar, '', $this->config->get('config_bfloat_whatsapp'));
			$data['bfloat_facebook'] = $this->config->get('config_bfloat_facebook');
			$data['bfloat_messenger'] = $this->config->get('config_bfloat_messenger');
			$data['bfloat_instagram'] = $this->config->get('config_bfloat_instagram');
			$data['bfloat_mail'] = $this->config->get('config_bfloat_mail');
			/* CUSTOM - REDE SOCIAL */
		]]></add>
	</operation>
</file> 

<file path="catalog/view/theme/*/template/common/footer.twig">
	<operation>
		<search><![CDATA[
			<div class="col-sm-4 pull-left">
		]]></search>
		<add position="before"><![CDATA[  
			<div class="col-sm-4 text-left">
				<ul class="w-100 list-unstyled">
				{% if bfloat_whatsapp %}
				<li class="ms-3 d-inline-block"><a class="link-dark" href="https://wa.me/55{{ bfloat_whatsapp }}" target="_Blank" data-toggle="tooltip" data-placement="right" title="WhatsApp"><i class="fab fa-whatsapp"></i></a></li>
				{% endif %}

				{% if bfloat_facebook %}
				<li class="ms-3 d-inline-block"><a class="link-dark" href="https://facebook.com/{{ bfloat_facebook }}" target="_Blank" data-toggle="tooltip" data-placement="right" title="Facebook"><i class="fab fa-facebook"></i></a></li>
				{% endif %}

				{% if bfloat_instagram %}
				<li class="ms-3 d-inline-block"><a class="link-dark" href="https://instagram.com/{{ bfloat_instagram }}" target="_Blank" data-toggle="tooltip" data-placement="right" title="Instagram"><i class="fab fa-instagram"></i></a></li>
				{% endif %}

				{% if bfloat_mail %}
				<li class="ms-3 d-inline-block"><a class="link-dark" href="mailto:{{ bfloat_mail }}" data-toggle="tooltip" data-placement="right" title="E-mail"><i class="fa fa-envelope"></i></a></li>
				{% endif %}
				</ul>
			</div>
		]]></add>
	</operation>
</file> 
</modification>