﻿<?xml version="1.0" encoding="utf-8"?>
<modification>
	<name>Editor em Massa de Produtos</name>
	<code>Editor em Massa de Produtos</code>
	<version>2.0.0</version>
	<author>InnSystem</author>
	<link>https://www.innsystem.com.br</link>
	
    <file path="admin/controller/catalog/product.php">
        <operation>
            <search><![CDATA[$data['products'] = array();]]></search>
            <add position="after"><![CDATA[ 
            	// EditorMassa
              $data['editormassa'] = $this->url->link('catalog/extension/module/editormassa', 'user_token=' . $this->session->data['user_token'] . $url, true);
              
              $this->load->model('localisation/weight_class');

              $data['weight_classes'] = $this->model_localisation_weight_class->getWeightClasses();
              
              $this->load->model('customer/customer_group');
              
              $data['customer_groups'] = $this->model_customer_customer_group->getCustomerGroups();
              // EditorMassa
            ]]></add>
        </operation>
        <operation>
            <search><![CDATA[public function autocomplete()]]></search>
            <add position="before"><![CDATA[
            		// EditorMassa
                public function editormassa()
                {
                //   var_dump($this->request->post);exit;

                  $this->load->language('catalog/product');

                  $this->document->setTitle($this->language->get('heading_title'));

                  $this->load->model('catalog/product');
                  $this->load->model('extension/module/editormassa');

                  $data_new = array();

                  // Input New - Type
                  if (isset($this->request->post['editormassa_type'])) {
                  $data_new['editormassa_type'] = $this->request->post['editormassa_type'];
                  }

                  // Input New - Status
                  if (isset($this->request->post['status_new']) && $this->request->post['status_new'] != '') {
                  $data_new['status_new'] = $this->request->post['status_new'];
                  }

                  // Input New - Categories
                  if (isset($this->request->post['product_category_new']) && $this->request->post['product_category_new'] != '') {
                  $data_new['product_category_new'] = $this->request->post['product_category_new'];
                  }
                  if (isset($this->request->post['product_category_remove']) && $this->request->post['product_category_remove'] == 'on') {
                  $data_new['product_category_remove'] = $this->request->post['product_category_remove'];
                  }

                  // Input New - Manufacturer
                  if (isset($this->request->post['manufacturer_new_id']) && $this->request->post['manufacturer_new_id'] != '') {
                  $data_new['manufacturer_new_id'] = $this->request->post['manufacturer_new_id'];
                  }

                  // Input New - Price
                  if (isset($this->request->post['price_new']) && $this->request->post['price_new'] != '') {
                  $data_new['price_type'] = $this->request->post['price_type'];
                  $data_new['price_new'] = $this->request->post['price_new'];
                  }

                  // Input New - Quantity
                  if (isset($this->request->post['quantity_new']) && $this->request->post['quantity_new'] != '') {
                  $data_new['quantity_type'] = $this->request->post['quantity_type'];
                  $data_new['quantity_new'] = $this->request->post['quantity_new'];
                  }

                  // Input New - Weight
                  if (isset($this->request->post['weight_new']) && $this->request->post['weight_new'] != '') {
                  $data_new['weight_type'] = $this->request->post['weight_type'];
                  $data_new['weight_new'] = $this->request->post['weight_new'];
                  }

                  // Input New - Weight Class
                  if (isset($this->request->post['weight_class_new_id']) && $this->request->post['weight_class_new_id'] != '') {
                  $data_new['weight_class_new_id'] = $this->request->post['weight_class_new_id'];
                  }

                  // Input New - Discount
                  if (isset($this->request->post['product_discount_new'])) {
                  $data_new['product_discount_new'] = $this->request->post['product_discount_new'];
                  }
                  if (isset($this->request->post['product_discount_remove']) && $this->request->post['product_discount_remove'] == 'on') {
                  $data_new['product_discount_remove'] = $this->request->post['product_discount_remove'];
                  }

                  // Input New - Price Special
                  if (isset($this->request->post['product_special_new'])) {
                  $data_new['product_special_new'] = $this->request->post['product_special_new'];
                  }
                  if (isset($this->request->post['product_special_remove']) && $this->request->post['product_special_remove'] == 'on') {
                  $data_new['product_special_remove'] = $this->request->post['product_special_remove'];
                  }

                  // Input New - Price Special
                  if (isset($this->request->post['product_option_new']) && isset($this->request->post['product_option_new'][0]['product_option_value'])) {
                  $data_new['product_option_new'] = $this->request->post['product_option_new'];
                  }
                  if (isset($this->request->post['product_options_remove']) && $this->request->post['product_options_remove'] == 'on') {
                  $data_new['product_options_remove'] = $this->request->post['product_options_remove'];
                  }

                  switch ($this->request->post['editormassa_type']) {
                  case 'selecteds':
                    foreach ($this->request->post['selected'] as $product_id) {
                    $this->model_extension_module_editormassa->editMassProducts($product_id, $data_new);
                    }
                    break;

                  case 'categories':
                    $data_new['product_category'] = $this->request->post['product_category'];

                    foreach ($this->request->post['product_category'] as $category_id) {
                    $this->model_extension_module_editormassa->editMassProducts($category_id, $data_new);
                    }
                    break;

                  case 'manufacturies':

                    $manufacturer_id = $this->request->post['manufacturer_id'];

                    $this->model_extension_module_editormassa->editMassProducts($manufacturer_id, $data_new);
                    break;

                  case 'all':
                    $products = '*';

                    $this->model_extension_module_editormassa->editMassProducts($products, $data_new);
                    break;

                  default:
                    # code...
                    break;
                  }

                  // $this->session->data['success'] = $this->language->get('text_success');
                  // $this->response->redirect($this->url->link('catalog/product', 'user_token=' . $this->session->data['user_token'], true));

                  $this->getList();
                }
                // EditorMassa
            ]]></add>
        </operation>
    </file>  	

    <file path="admin/view/template/catalog/product_list.twig">
        <operation>
            <search><![CDATA[<div class="container-fluid">{% if error_warning %}]]></search>
            <add position="before"><![CDATA[

              <div class="page-header">
                <div class="container-fluid">
                  <div class="btn-group" role="group" aria-label="...">
                    <div class="btn-group" role="group" data-toggle="tooltip" title="Editor em Massa">
                      <button type="button" class="btn btn-primary dropdown-toggle" data-toggle="dropdown" aria-haspopup="true"
                        aria-expanded="false">
                        <i class="fa fa-cogs"></i> Editar em Massa
                        <span class="caret"></span>
                      </button>
                      <ul class="dropdown-menu">
                        <li><a href="javascript:;" class="openEditorMassa" data-type="all">Todos os Produtos</a></li>
                        <li><a href="javascript:;" class="openEditorMassa" data-type="selecteds">Produtos Selecionados</a></li>
                        <li><a href="javascript:;" class="openEditorMassa" data-type="categories">Categorias Selecionadas</a></li>
                        <li><a href="javascript:;" class="openEditorMassa" data-type="manufacturies">Marca Selecionada</a></li>
                      </ul>
                    </div>
                  </div>
                </div>
              </div>

            ]]></add>
        </operation>
        <operation>
            <search><![CDATA[</form>]]></search>
            <add position="before"><![CDATA[

              <div id="editormassa-modal" class="modal text-left">
                <div class="modal-dialog modal-lg">
                  <div class="modal-content">
                    <div class="modal-header">
                      <button type="button" class="close" data-dismiss="modal" aria-hidden="true">&times;</button>
                      <h4 class="modal-title">Editor em Massa</h4>
                    </div>
                    <div class="modal-body">
                      <div class="form-horizontal" id="editormassa-getcategories"></div>
                      <div class="form-horizontal" id="editormassa-getManufacturies"></div>
                      <div class="form-horizontal" id="editormassa-content" style="display:none;">

                        <ul class="nav nav-tabs">
                          <li class="active"><a href="#tab-general" data-toggle="tab">{{ tab_general }}</a></li>
                          <li><a href="#tab-category" data-toggle="tab">Departamentos</a></li>
                          <li><a href="#tab-discount" data-toggle="tab">{{ tab_discount }}</a></li>
                          <li><a href="#tab-special" data-toggle="tab">{{ tab_special }}</a></li>
                          <li><a href="#tab-option" data-toggle="tab">{{ tab_option }}</a></li>
                        </ul>

                        <div class="tab-content">
                          <div class="tab-pane active" id="tab-general">
                            <div class="form-group">
                              <label class="col-sm-3 control-label" for="input-status-new">{{ entry_status }}</label>
                              <div class="col-sm-9">
                                <select name="status_new" id="input-status-new" class="form-control">
                                  <option></option>
                                  <option value="1">{{ text_enabled }}</option>
                                  <option value="0">{{ text_disabled }}</option>
                                </select>
                              </div>
                            </div>

                            <div class="form-group">
                              <label class="col-sm-3 control-label" for="input-manufacturer_new"><span
                                  data-toggle="tooltip" title="{{ help_manufacturer }}">{{ entry_manufacturer
                                  }}</span></label>
                              <div class="col-sm-9">
                                <input type="text" name="manufacturer_new" value=""
                                  placeholder="{{ entry_manufacturer }}" id="input-manufacturer_new"
                                  class="form-control" />
                                <input type="hidden" name="manufacturer_new_id" value="" />
                              </div>
                            </div><!-- form-group -->

                            <div class="form-group">
                              <label class="col-sm-3 control-label" for="input-price-new">{{ entry_price }}</label>
                              <div class="col-sm-9">
                                <div class="btn-group">
                                  <div class="btn-group">
                                    <select name="price_type" id="price_type" class="form-control">
                                      <option value="=">Fixo (=)</option>
                                      <option value="+=">Adc. (R$)</option>
                                      <option value="-=">Sub. (R$)</option>
                                      <option value="+%">Adc. (%)</option>
                                      <option value="-%">Sub. (%)</option>
                                    </select>
                                  </div>
                                  <div class="btn-group">
                                    <input type="text" name="price_new" value="{{ price }}"
                                      placeholder="{{ entry_price }} ou Porcentagem" id="input-price-new"
                                      class="form-control inputValuePrice" />
                                  </div>
                                </div>
                              </div>
                            </div>

                            <div class="form-group">
                              <label class="col-sm-3 control-label" for="input-quantity-new">{{ entry_quantity
                                }}</label>
                              <div class="col-sm-9">
                                <div class="btn-group">
                                  <div class="btn-group">
                                    <select name="quantity_type" id="quantity_type" class="form-control">
                                      <option value="=">Fixo (=)</option>
                                      <option value="+">Adicionar</option>
                                      <option value="-">Subtrair</option>
                                    </select>
                                  </div>
                                  <div class="btn-group">
                                    <input type="text" name="quantity_new" value="{{ quantity }}"
                                      placeholder="{{ entry_quantity }}" id="input-quantity-new" class="form-control" />
                                  </div>
                                </div>
                              </div>
                            </div>

                            <div class="form-group">
                              <label class="col-sm-3 control-label" for="input-weight-new">{{ entry_weight }}</label>
                              <div class="col-sm-9">
                                <div class="btn-group">
                                  <div class="btn-group">
                                    <select name="weight_type" id="weight_type" class="form-control">
                                      <option value="=">Fixo (=)</option>
                                      <option value="+">Adicionar</option>
                                      <option value="-">Subtrair</option>
                                    </select>
                                  </div>
                                  <div class="btn-group">
                                    <input type="text" name="weight_new" value="{{ weight }}"
                                      placeholder="{{ entry_weight }}" id="input-weight-new" class="form-control"
                                      style="width:140px;" />
                                  </div>
                                  <div class="btn-group">
                                    <select name="weight_class_new_id" id="input-weight-class-new" class="form-control">
                                      {% for weight_class in weight_classes %}
                                      {% if weight_class.weight_class_id == weight_class_id %}
                                      <option value="{{ weight_class.weight_class_id }}" selected="selected">{{
                                        weight_class.title }}</option>
                                      {% else %}
                                      <option value="{{ weight_class.weight_class_id }}">{{ weight_class.title }}
                                      </option>
                                      {% endif %}
                                      {% endfor %}
                                    </select>
                                  </div>
                                </div>
                                <div class="alert alert-warning" style="margin-top:10px;">
                                  <p>Para cálculo de frete é obrigatório o peso, caso <b>zerado</b> é considerado <b>frete grátis</b>!</p>
                                </div>
                              </div>
                            </div>
                          </div>

                          <div class="tab-pane" id="tab-category">
                            
                            <div class="form-group">
                              <label class="col-sm-2 control-label" for="input-category-new"><span data-toggle="tooltip" title="{{ help_category }}">{{ entry_category }}</span></label>
                              <div class="col-sm-10">
                                <input type="text" name="category_new" value="" placeholder="{{ entry_category }}" id="input-category-new" class="form-control"/>
                                <div id="product-category-new" class="well well-sm" style="height: 150px; overflow: auto;"></div>

                                <div class="alert alert-danger">
                                  <p>Ao marcar essa opção, você apagará todas as categorias do(s) produto(s). <br/> <b>Não é possível desfazer essa alteração!</b></p>
                                  <div class="checkbox">
                                    <label>
                                      <input type="checkbox" name="product_category_remove"> <b>Remover todas as Categorias do(s) Produto(s)?</b>
                                    </label>
                                  </div>
                                </div>
                              </div>
                            </div>

                              
                          </div>

                          <div class="tab-pane" id="tab-discount">
                            <div class="table-responsive">
                              <div class="form-group">
                                <table id="discount" class="table table-striped table-bordered table-hover">
                                  <thead>
                                    <tr>
                                      <td class="text-left">{{ entry_customer_group }}</td>
                                      <td class="text-right">{{ entry_quantity }}</td>
                                      <td class="text-right">{{ entry_priority }}</td>
                                      <td class="text-right">{{ entry_price }}</td>
                                      <td class="text-left">{{ entry_date_start }}</td>
                                      <td class="text-left">{{ entry_date_end }}</td>
                                      <td></td>
                                    </tr>
                                  </thead>
                                  <tbody>

                                    {% set discount_row = 0 %}
                                    {% for product_discount in product_discounts %}
                                    <tr id="discount-row{{ discount_row }}">
                                      <td class="text-left"><select
                                          name="product_discount_new[{{ discount_row }}][customer_group_id]"
                                          class="form-control"></select></td>
                                      <td class="text-right"><input type="text"
                                          name="product_discount_new[{{ discount_row }}][quantity]"
                                          value="{{ product_discount.quantity }}" placeholder="{{ entry_quantity }}"
                                          class="form-control" /></td>
                                      <td class="text-right"><input type="text"
                                          name="product_discount_new[{{ discount_row }}][priority]"
                                          value="{{ product_discount.priority }}" placeholder="{{ entry_priority }}"
                                          class="form-control" /></td>
                                      <td class="text-right"><input type="text"
                                          name="product_discount_new[{{ discount_row }}][price]"
                                          value="{{ product_discount.price }}" placeholder="{{ entry_price }}"
                                          class="form-control inputValuePrice" /></td>
                                      <td class="text-left" style="width: 20%;">
                                        <div class="input-group date">
                                          <input type="text" name="product_discount_new[{{ discount_row }}][date_start]"
                                            value="{{ product_discount.date_start }}"
                                            placeholder="{{ entry_date_start }}" data-date-format="YYYY-MM-DD"
                                            class="form-control" /> <span class="input-group-btn">
                                            <button class="btn btn-default" type="button"><i
                                                class="fa fa-calendar"></i></button>
                                          </span>
                                        </div>
                                      </td>
                                      <td class="text-left" style="width: 20%;">
                                        <div class="input-group date">
                                          <input type="text" name="product_discount_new[{{ discount_row }}][date_end]"
                                            value="{{ product_discount.date_end }}" placeholder="{{ entry_date_end }}"
                                            data-date-format="YYYY-MM-DD" class="form-control" /> <span
                                            class="input-group-btn">
                                            <button class="btn btn-default" type="button"><i
                                                class="fa fa-calendar"></i></button>
                                          </span>
                                        </div>
                                      </td>
                                      <td class="text-left"><button type="button"
                                          onclick="$('#discount-row{{ discount_row }}').remove();" data-toggle="tooltip"
                                          title="{{ button_remove }}" class="btn btn-danger"><i
                                            class="fa fa-minus-circle"></i></button></td>
                                    </tr>
                                    {% set discount_row = discount_row + 1 %}
                                    {% endfor %}
                                  </tbody>

                                  <tfoot>
                                    <tr>
                                      <td colspan="6"></td>
                                      <td class="text-left"><button type="button" onclick="addDiscount();"
                                          data-toggle="tooltip" title="{{ button_discount_add }}"
                                          class="btn btn-primary"><i class="fa fa-plus-circle"></i></button></td>
                                    </tr>
                                  </tfoot>
                                </table>
                              </div>
                            </div>
                            <div class="alert alert-danger">
                              <p>Ao marcar essa opção, você apagará todos os desconto do(s) produto(s). <br/> <b>Não é possível desfazer essa alteração!</b></p>
                              <div class="checkbox">
                                <label>
                                  <input type="checkbox" name="product_discount_remove"> <b>Remover todos os Descontos do(s) Produto(s)?</b>
                                </label>
                              </div>
                            </div>
                          </div><!-- tab-discount -->

                          <div class="tab-pane" id="tab-special">
                            <div class="table-responsive">
                              <div class="form-group">
                                <table id="special" class="table table-striped table-bordered table-hover">
                                  <thead>
                                    <tr>
                                      <td class="text-left">{{ entry_customer_group }}</td>
                                      <td class="text-right">{{ entry_priority }}</td>
                                      <td class="text-right">{{ entry_price }}</td>
                                      <td class="text-left">{{ entry_date_start }}</td>
                                      <td class="text-left">{{ entry_date_end }}</td>
                                      <td></td>
                                    </tr>
                                  </thead>
                                  <tbody>

                                    {% set special_row = 0 %}
                                    {% for product_special in product_specials %}
                                    <tr id="special-row{{ special_row }}">
                                      <td class="text-left">
                                        <select name="product_special_new[{{ special_row }}][customer_group_id]"
                                          class="form-control"></select>
                                      </td>
                                      <td class="text-right"><input type="text"
                                          name="product_special_new[{{ special_row }}][priority]"
                                          value="{{ product_special.priority }}" placeholder="{{ entry_priority }}"
                                          class="form-control" /></td>
                                      <td class="text-right"><input type="text"
                                          name="product_special_new[{{ special_row }}][price]"
                                          value="{{ product_special.price }}" placeholder="{{ entry_price }}"
                                          class="form-control inputValuePrice" /></td>
                                      <td class="text-left" style="width: 20%;">
                                        <div class="input-group date">
                                          <input type="text" name="product_special_new[{{ special_row }}][date_start]"
                                            value="{{ product_special.date_start }}"
                                            placeholder="{{ entry_date_start }}" data-date-format="YYYY-MM-DD"
                                            class="form-control" /> <span class="input-group-btn">
                                            <button class="btn btn-default" type="button"><i
                                                class="fa fa-calendar"></i></button>
                                          </span>
                                        </div>
                                      </td>
                                      <td class="text-left" style="width: 20%;">
                                        <div class="input-group date">
                                          <input type="text" name="product_special_new[{{ special_row }}][date_end]"
                                            value="{{ product_special.date_end }}" placeholder="{{ entry_date_end }}"
                                            data-date-format="YYYY-MM-DD" class="form-control" /> <span
                                            class="input-group-btn">
                                            <button class="btn btn-default" type="button"><i
                                                class="fa fa-calendar"></i></button>
                                          </span>
                                        </div>
                                      </td>
                                      <td class="text-left"><button type="button"
                                          onclick="$('#special-row{{ special_row }}').remove();" data-toggle="tooltip"
                                          title="{{ button_remove }}" class="btn btn-danger"><i
                                            class="fa fa-minus-circle"></i></button></td>
                                    </tr>
                                    {% set special_row = special_row + 1 %}
                                    {% endfor %}
                                  </tbody>

                                  <tfoot>
                                    <tr>
                                      <td colspan="5"></td>
                                      <td class="text-left"><button type="button" onclick="addSpecial();"
                                          data-toggle="tooltip" title="{{ button_special_add }}"
                                          class="btn btn-primary"><i class="fa fa-plus-circle"></i></button></td>
                                    </tr>
                                  </tfoot>
                                </table>
                              </div>
                            </div>
                            <div class="alert alert-danger">
                              <p>Ao marcar essa opção, você apagará todas as promoções do(s) produto(s). <br/> <b>Não é possível desfazer essa alteração!</b></p>
                              <div class="checkbox">
                                <label>
                                  <input type="checkbox" name="product_special_remove"> <b>Remover todas as Promoções do(s) Produto(s)?</b>
                                </label>
                              </div>
                            </div>
                          </div><!-- tab-special -->
                          <div class="tab-pane" id="tab-option">
                            <div class="row">
                              <div class="col-sm-12">
                                <ul class="nav nav-pills nav-stacked nav-options" id="option">
                                  <li>
                                    <input type="text" name="option_new" value="" placeholder="{{ entry_option }}" id="input-option-new" class="form-control"/>
                                  </li>

                                  {% set option_row = 0 %}
                                  {% for product_option in product_options %}
                                  <li><a href="#tab-option{{ option_row }}" data-toggle="tab"><i class="fa fa-minus-circle" onclick="$('a[href=\'#tab-option{{ option_row }}\']').parent().remove(); $('#tab-option{{ option_row }}').remove(); $('#option a:first').tab('show');"></i> {{ product_option.name }}</a></li>
                                  {% set option_row = option_row + 1 %}
                                  {% endfor %}

                                </ul>
                                <hr>
                              </div>
                              <div class="col-sm-12">
                                <div class="tab-content"> {% set option_row = 0 %}
                                  {% set option_value_row = 0 %}
                                  {% for product_option in product_options %}
                                  <div class="tab-pane" id="tab-option{{ option_row }}">
                                    <input type="hidden" name="product_option_new[{{ option_row }}][product_option_id]" value="{{ product_option.product_option_id }}"/> <input type="hidden" name="product_option_new[{{ option_row }}][name]" value="{{ product_option.name }}"/> <input type="hidden" name="product_option_new[{{ option_row }}][option_id]" value="{{ product_option.option_id }}"/> <input type="hidden" name="product_option_new[{{ option_row }}][type]" value="{{ product_option.type }}"/>
                                    <div class="form-group">
                                      <label class="col-sm-2 control-label" for="input-required{{ option_row }}">{{ entry_required }}</label>
                                      <div class="col-sm-10">
                                        <select name="product_option_new[{{ option_row }}][required]" id="input-required{{ option_row }}" class="form-control">


                                          {% if product_option.required %}


                                          <option value="1" selected="selected">{{ text_yes }}</option>
                                          <option value="0">{{ text_no }}</option>


                                          {% else %}


                                          <option value="1">{{ text_yes }}</option>
                                          <option value="0" selected="selected">{{ text_no }}</option>


                                          {% endif %}


                                        </select>
                                      </div>
                                    </div>
                                    {% if product_option.type == 'text' %}
                                    <div class="form-group">
                                      <label class="col-sm-2 control-label" for="input-value{{ option_row }}">{{ entry_option_value }}</label>
                                      <div class="col-sm-10">
                                        <input type="text" name="product_option_new[{{ option_row }}][value]" value="{{ product_option.value }}" placeholder="{{ entry_option_value }}" id="input-value{{ option_row }}" class="form-control"/>
                                      </div>
                                    </div>
                                    {% endif %}
                                    {% if product_option.type == 'textarea' %}
                                    <div class="form-group">
                                      <label class="col-sm-2 control-label" for="input-value{{ option_row }}">{{ entry_option_value }}</label>
                                      <div class="col-sm-10">
                                        <textarea name="product_option_new[{{ option_row }}][value]" rows="5" placeholder="{{ entry_option_value }}" id="input-value{{ option_row }}" class="form-control">{{ product_option.value }}</textarea>
                                      </div>
                                    </div>
                                    {% endif %}
                                    {% if product_option.type == 'file' %}
                                    <div class="form-group" style="display: none;">
                                      <label class="col-sm-2 control-label" for="input-value{{ option_row }}">{{ entry_option_value }}</label>
                                      <div class="col-sm-10">
                                        <input type="text" name="product_option_new[{{ option_row }}][value]" value="{{ product_option.value }}" placeholder="{{ entry_option_value }}" id="input-value{{ option_row }}" class="form-control"/>
                                      </div>
                                    </div>
                                    {% endif %}
                                    {% if product_option.type == 'date' %}
                                    <div class="form-group">
                                      <label class="col-sm-2 control-label" for="input-value{{ option_row }}">{{ entry_option_value }}</label>
                                      <div class="col-sm-3">
                                        <div class="input-group date">
                                          <input type="text" name="product_option_new[{{ option_row }}][value]" value="{{ product_option.value }}" placeholder="{{ entry_option_value }}" data-date-format="YYYY-MM-DD" id="input-value{{ option_row }}" class="form-control"/> <span class="input-group-btn">
                                          <button class="btn btn-default" type="button"><i class="fa fa-calendar"></i></button>
                                        </span></div>
                                      </div>
                                    </div>
                                    {% endif %}
                                    {% if product_option.type == 'time' %}
                                    <div class="form-group">
                                      <label class="col-sm-2 control-label" for="input-value{{ option_row }}">{{ entry_option_value }}</label>
                                      <div class="col-sm-10">
                                        <div class="input-group time">
                                          <input type="text" name="product_option_new[{{ option_row }}][value]" value="{{ product_option.value }}" placeholder="{{ entry_option_value }}" data-date-format="HH:mm" id="input-value{{ option_row }}" class="form-control"/> <span class="input-group-btn">
                                          <button type="button" class="btn btn-default"><i class="fa fa-calendar"></i></button>
                                        </span></div>
                                      </div>
                                    </div>
                                    {% endif %}
                                    {% if product_option.type == 'datetime' %}
                                    <div class="form-group">
                                      <label class="col-sm-2 control-label" for="input-value{{ option_row }}">{{ entry_option_value }}</label>
                                      <div class="col-sm-10">
                                        <div class="input-group datetime">
                                          <input type="text" name="product_option_new[{{ option_row }}][value]" value="{{ product_option.value }}" placeholder="{{ entry_option_value }}" data-date-format="YYYY-MM-DD HH:mm" id="input-value{{ option_row }}" class="form-control"/> <span class="input-group-btn">
                                          <button type="button" class="btn btn-default"><i class="fa fa-calendar"></i></button>
                                        </span></div>
                                      </div>
                                    </div>
                                    {% endif %}
                                    {% if product_option.type == 'select' or product_option.type == 'radio' or product_option.type == 'checkbox' or product_option.type == 'image' %}
                                    <div class="table-responsive">
                                      <table id="option-value{{ option_row }}" class="table table-striped table-bordered table-hover">
                                        <thead>
                                          <tr>
                                            <td class="text-left">{{ entry_option_value }}</td>
                                            <td class="text-right">{{ entry_quantity }}</td>
                                            <td class="text-left">{{ entry_subtract }}</td>
                                            <td class="text-right">{{ entry_price }}</td>
                                            <td class="text-right {% if points_status == 0 %}hide{% endif %}">{{ entry_option_points }}</td>
                                            <td class="text-right">{{ entry_weight }}</td>
                                            <td></td>
                                          </tr>
                                        </thead>
                                        <tbody>

                                          {% for product_option_value in product_option.product_option_value %}
                                          <tr id="option-value-row{{ option_value_row }}">
                                            <td class="text-left"><select name="product_option_new[{{ option_row }}][product_option_value][{{ option_value_row }}][option_value_id]" class="form-control inputOptionValue">


                                              {% if option_values[product_option.option_id] %}

                                              {% for option_value in option_values[product_option.option_id] %}

                                              {% if option_value.option_value_id == product_option_value.option_value_id %}


                                              <option value="{{ option_value.option_value_id }}" selected="selected">{{ option_value.name }}</option>


                                              {% else %}


                                              <option value="{{ option_value.option_value_id }}">{{ option_value.name }}</option>


                                              {% endif %}
                                              {% endfor %}
                                              {% endif %}
                                            </select>

                                            <input type="hidden" name="product_option_new[{{ option_row }}][product_option_value][{{ option_value_row }}][product_option_value_id]" value="{{ product_option_value.product_option_value_id }}"/></td>
                                            <td class="text-right"><input type="number" min="0" name="product_option_new[{{ option_row }}][product_option_value][{{ option_value_row }}][quantity]" value="{{ product_option_value.quantity }}" placeholder="{{ entry_quantity }}" class="form-control inputOptionQta"/></td>
                                            <td class="text-left"><select name="product_option_new[{{ option_row }}][product_option_value][{{ option_value_row }}][subtract]" class="form-control">


                                              {% if product_option_value.subtract %}


                                              <option value="1" selected="selected">{{ text_yes }}</option>
                                              <option value="0">{{ text_no }}</option>


                                              {% else %}


                                              <option value="1">{{ text_yes }}</option>
                                              <option value="0" selected="selected">{{ text_no }}</option>


                                              {% endif %}


                                            </select></td>
                                            <td class="text-right"><select name="product_option_new[{{ option_row }}][product_option_value][{{ option_value_row }}][price_prefix]" class="form-control inputOptionOthers" style="width:50px;">


                                              {% if product_option_value.price_prefix == '+' %}


                                              <option value="+" selected="selected">+</option>


                                              {% else %}


                                              <option value="+">+</option>


                                              {% endif %}
                                              {% if product_option_value.price_prefix == '-' %}


                                              <option value="-" selected="selected">-</option>


                                              {% else %}


                                              <option value="-">-</option>


                                              {% endif %}


                                            </select> 

                                            <input type="text" name="product_option_new[{{ option_row }}][product_option_value][{{ option_value_row }}][price]" value="{{ product_option_value.price }}" placeholder="{{ entry_price }}" class="form-control inputOptionOthers inputValuePrice"/>

                                          </td>

                                          <td class="text-right {% if points_status == 0 %}hide{% endif %}"><select name="product_option_new[{{ option_row }}][product_option_value][{{ option_value_row }}][points_prefix]" class="form-control inputOptionOthers">


                                            {% if product_option_value.points_prefix == '+' %}


                                            <option value="+" selected="selected">+</option>


                                            {% else %}


                                            <option value="+">+</option>


                                            {% endif %}
                                            {% if product_option_value.points_prefix == '-' %}


                                            <option value="-" selected="selected">-</option>


                                            {% else %}


                                            <option value="-">-</option>


                                            {% endif %}


                                          </select> <input type="text" name="product_option_new[{{ option_row }}][product_option_value][{{ option_value_row }}][points]" value="{{ product_option_value.points }}" placeholder="{{ entry_points }}" class="form-control inputOptionOthers"/></td>
                                          <td class="text-right"><select name="product_option_new[{{ option_row }}][product_option_value][{{ option_value_row }}][weight_prefix]" class="form-control inputOptionOthers">


                                            {% if product_option_value.weight_prefix == '+' %}


                                            <option value="+" selected="selected">+</option>


                                            {% else %}


                                            <option value="+">+</option>


                                            {% endif %}
                                            {% if product_option_value.weight_prefix == '-' %}


                                            <option value="-" selected="selected">-</option>


                                            {% else %}


                                            <option value="-">-</option>


                                            {% endif %}


                                          </select> <input type="text" name="product_option_new[{{ option_row }}][product_option_value][{{ option_value_row }}][weight]" value="{{ product_option_value.weight }}" placeholder="{{ entry_weight }}" class="form-control inputOptionOthers"/></td>
                                          <td class="text-right"><button type="button" onclick="$(this).tooltip('destroy');$('#option-value-row{{ option_value_row }}').remove();" data-toggle="tooltip" title="{{ button_remove }}" class="btn btn-sm btn-danger"><i class="fa fa-minus-circle"></i></button></td>
                                        </tr>
                                        {% set option_value_row = option_value_row + 1 %}
                                        {% endfor %}
                                      </tbody>

                                      <tfoot>
                                        <tr>
                                          <td colspan="5"></td>
                                          <td class="text-left"><button type="button" onclick="addOptionValue('{{ option_row }}');" data-toggle="tooltip" title="{{ button_option_value_add }}" class="btn btn-primary"><i class="fa fa-plus-circle"></i></button></td>
                                        </tr>
                                      </tfoot>
                                    </table>
                                  </div>
                                  <select id="option-values{{ option_row }}" style="display: none;">


                                    {% if option_values[product_option.option_id] %}
                                    {% for option_value in option_values[product_option.option_id] %}


                                    <option value="{{ option_value.option_value_id }}">{{ option_value.name }}</option>


                                    {% endfor %}
                                    {% endif %}


                                  </select>
                                  {% endif %} </div>
                                  {% set option_row = option_row + 1 %}
                                  {% endfor %} </div>
                                </div>
                              </div>
                              <div class="alert alert-danger">
                                <p>Ao marcar essa opção, você apagará todas as opções do(s) produto(s). <br/> <b>Não é possível desfazer essa alteração!</b></p>
                                <div class="checkbox">
                                  <label>
                                    <input type="checkbox" name="product_options_remove"> <b>Remover todas as Opções do(s) Produto(s)?</b>
                                  </label>
                                </div>
                              </div>
                          </div><!-- tab-options -->
                        </div><!-- tab-content-->

                        <div class="form-group">
                          <button type="button" id="btn-salvar-editormassa" class="btn btn-success"><i
                              class="fa fa-check"></i> Aplicar alterações</button>
                          <button type="button" data-dismiss="modal" aria-hidden="true" class="btn btn-danger"><i
                              class="fa fa-remove"></i> Fechar</button>
                        </div>
                      </div>
                    </div>
                  </div>
                </div>
              </div><!-- modal -->

            ]]></add>
        </operation>
        <operation>
            <search><![CDATA[{{ footer }}]]></search>
            <add position="before"><![CDATA[

    <style>
      @keyframes dothatopcheck {
        0% {
          border: 0;
          box-shadow: 0 0 0;
        }

        50% {
          border: 2px solid red;
          box-shadow: 0 0 15px red;
        }

        100% {
          border: 1px solid #DDD;
          box-shadow: 0 0 0;
        }
      }

      @-webkit-keyframes dothatopcheck {
        0% {
          border: 0;
          box-shadow: 0 0 0;
        }

        50% {
          border: 2px solid red;
          box-shadow: 0 0 15px red;
        }

        100% {
          border: 1px solid #DDD;
          box-shadow: 0 0 0;
        }
      }

      @-moz-keyframes dothatopcheck {
        0% {
          border: 0;
          box-shadow: 0 0 0;
        }

        50% {
          border: 2px solid red;
          box-shadow: 0 0 15px red;
        }

        100% {
          border: 1px solid #DDD;
          box-shadow: 0 0 0;
        }
      }

      .checkboxEffect {
        -moz-animation: dothatopcheck 0.6s ease 0s forwards;
        -o-animation: dothatopcheck 0.6s ease 0s forwards;
        -webkit-animation: dothatopcheck 0.6s ease 0s forwards;
        animation: dothatopcheck 0.6s ease 0s forwards;
      }
    </style>
    <!-- Include SweetAlert -->
    <link rel="stylesheet" href="view/javascript/sweetalert/sweetalert2.min.css">
    <!-- Include SweetAlert -->
    <script src="view/javascript/sweetalert/sweetalert2.min.js"></script>
    <script>
      $(document).on('click', '#btn-salvar-editormassa', function (e) {
        e.preventDefault();

        var method = 'POST';
        var url = 'index.php?route=catalog/product/editormassa&user_token={{ user_token }}';
        var data = $('#form-product').serialize();

        Swal.fire({
          title: 'Deseja realizar alteração em massa do(s) produto(s)?',
          text: "Após a alteração não é possível reverter!",
          icon: 'question',
          showCancelButton: true,
          cancelButtonText: 'Cancelar',
          confirmButtonColor: '#3085d6',
          cancelButtonColor: '#d33',
          confirmButtonText: 'Sim, alterar!'
        }).then((result) => {
          if (result.value) {
            $.ajax({
              url: url,
              method: method,
              data: data,
              success: function (data) {
                // Loading page listagem
                location.reload();
              },
              error: function (xhr) {
                if (xhr.status === 422) {
                  Swal.fire({
                    text: xhr.responseJSON,
                    icon: 'warning',
                    showClass: {
                      popup: 'animate_animated animate_wobble'
                    }
                  });
                } else {
                  Swal.fire({
                    text: xhr.responseJSON,
                    icon: 'error',
                    showClass: {
                      popup: 'animate_animated animate_wobble'
                    }
                  });
                }
              }
            });
          }
        });
      });
    </script>
    <script type="text/javascript"><!--
      $('.openEditorMassa').click(function () {

        $('#editormassa-getcategories, #editormassa-getManufacturies').html('');

        var type = $(this).data('type')
        input = '#form-product input[type="checkbox"]'
        modal = '#editormassa-modal';
        form_content = '#editormassa-content';

        switch (type) {
          // **************************
          case 'selecteds':
            $(form_content).append('<input type="hidden" name="editormassa_type" value="selecteds" />');

            var hasChecked = $(input + ':checked').length > 0;

            if (hasChecked == 1) {
              $(modal + ' .modal-title').html('Editar em Massa: <b>Produtos Selecionados</b>');
              $(modal).modal({
                show: 'false'
              });
              $(form_content).show();
            } else {
              alertInputs(input);
            }

            break;

          // **************************
          case 'categories':
            $(form_content).append('<input type="hidden" name="editormassa_type" value="categories" />');
            $(modal + ' .modal-title').html('Editar em Massa: <b>Selecione uma ou mais Categorias</b>');
            $('#editormassa-getcategories').html('');
            var getCategories = '<div class="form-group">';
            getCategories += '<label class="col-sm-4 control-label" for="input-category">Categorias a serem alteradas</label>';
            getCategories += '<div class="col-sm-8">';
            getCategories += '<input type="text" name="category" value="" placeholder="{{ entry_category }}" id="input-category" class="form-control"/>';
            getCategories += '<div id="product-category" class="well well-sm" style="height: 150px; overflow: auto;"></div>';
            getCategories += '</div>';
            getCategories += '</div>';

            $('#editormassa-getcategories').append(getCategories);

            // Category
            $('input[name=\'category\']').autocomplete({
              'source': function (request, response) {
                $.ajax({
                  url: 'index.php?route=catalog/category/autocomplete&user_token={{ user_token }}&filter_name=' + encodeURIComponent(request),
                  dataType: 'json',
                  success: function (json) {
                    response($.map(json, function (item) {
                      return {
                        label: item['name'],
                        value: item['category_id']
                      }
                    }));
                  }
                });
              },
              'select': function (item) {
                $('input[name=\'category\']').val('');

                $('#product-category' + item['value']).remove();

                $('#product-category').append('<div id="product-category' + item['value'] + '"><i class="fa fa-minus-circle"></i> ' + item['label'] + '<input type="hidden" name="product_category[]" value="' + item['value'] + '" /></div>');
              }
            });

            $('#product-category').delegate('.fa-minus-circle', 'click', function () {
              $(this).parent().remove();
            });

            $('#editormassa-getcategories').append('<div class="form-group"><button type="button" class="btn btn-success continueEditorMassa">Avançar</button></div>');

            $('.continueEditorMassa').click(function () {
              $(modal + ' .modal-title').html('Editar em Massa a Categoria: <b>' + $('#getCategories').find(":selected").text() + '</b>');
              $('#editormassa-getcategories').hide();
              $(form_content).show();
            });

            $(modal).modal({
              show: 'false'
            });
            break;


          // **************************
          case 'manufacturies':
            $(form_content).append('<input type="hidden" name="editormassa_type" value="manufacturies" />');
            $(modal + ' .modal-title').html('Editar em Massa: <b>Selecione uma Marca</b>');
            $('#editormassa-getManufacturies').html('');
            getManufacturies = '<div class="form-group">';
            getManufacturies += '<label class="col-sm-4 control-label" for="input-manufacturer">Marca a ser alterada</label>';
            getManufacturies += '<div class="col-sm-8">';
            getManufacturies += '<input type="text" name="manufacturer" value="" placeholder="{{ entry_manufacturer }}" id="input-manufacturer" class="form-control" />';
            getManufacturies += '<input type="hidden" name="manufacturer_id" value="" />';
            getManufacturies += '</div>';
            getManufacturies += '</div>';

            $('#editormassa-getManufacturies').append(getManufacturies);

            // Manufacturer
            $('input[name=\'manufacturer\']').autocomplete({
              'source': function (request, response) {
                $.ajax({
                  url: 'index.php?route=catalog/manufacturer/autocomplete&user_token={{ user_token }}&filter_name=' + encodeURIComponent(request),
                  dataType: 'json',
                  success: function (json) {
                    json.unshift({
                      manufacturer_id: 0,
                      name: '{{ text_none }}'
                    });

                    response($.map(json, function (item) {
                      return {
                        label: item['name'],
                        value: item['manufacturer_id']
                      }
                    }));
                  }
                });
              },
              'select': function (item) {
                $('input[name=\'manufacturer\']').val(item['label']);
                $('input[name=\'manufacturer_id\']').val(item['value']);
              }
            });

            $('#editormassa-getManufacturies').append('<div class="form-group"><button type="button" class="btn btn-success continueEditorMassa">Avançar</button></div>');

            $('.continueEditorMassa').click(function () {
              $(modal + ' .modal-title').html('Editar em Massa a Marca: <b>' + $('input[name="manufacturer"]').val() + '</b>');
              $('#editormassa-getManufacturies').hide();
              $(form_content).show();
            });

            $(modal).modal({
              show: 'false'
            });
            break;


          // **************************
          case 'all':
            $(form_content).append('<input type="hidden" name="editormassa_type" value="all" />');
            $(modal + ' .modal-title').html('Editar em Massa: <b>Todos os Produtos</b>');
            $(form_content).show();
            $(modal).modal({
              show: 'false'
            });
            break;


          // **************************
          default:
            console.log('not found');
        }

      }); // edit function do botão OPEN editor em massa

    $('#editormassa-modal').on('hidden.bs.modal', function () {
      $('#editormassa-content').hide();
    })


    function alertInputs(element) {
      setTimeout(function () {
        $(element).addClass('checkboxEffect');
        setTimeout(function () {
          $(element).removeClass('checkboxEffect');
        }, 1000);
      }, 50);
    };

  </script>
  <script type="text/javascript"><!--
    // New Categories
    $('input[name=\'category_new\']').autocomplete({
      'source': function(request, response) {
        $.ajax({
          url: 'index.php?route=catalog/category/autocomplete&user_token={{ user_token }}&filter_name=' + encodeURIComponent(request),
          dataType: 'json',
          success: function(json) {
            response($.map(json, function(item) {
              return {
                label: item['name'],
                value: item['category_id']
              }
            }));
          }
        });
      },
      'select': function(item) {
        $('input[name=\'category_new\']').val('');

        $('#product-category-new' + item['value']).remove();

        $('#product-category-new').append('<div id="product-category-new' + item['value'] + '"><i class="fa fa-minus-circle"></i> ' + item['label'] + '<input type="hidden" name="product_category_new[]" value="' + item['value'] + '" /></div>');
      }
    });

    $('#product-category-new').delegate('.fa-minus-circle', 'click', function() {
      $(this).parent().remove();
    });
  </script>
  <script type="text/javascript"><!--
      // New Manufacturer
      $('input[name=\'manufacturer_new\']').autocomplete({
        'source': function (request, response) {
          $.ajax({
            url: 'index.php?route=catalog/manufacturer/autocomplete&user_token={{ user_token }}&filter_name=' + encodeURIComponent(request),
            dataType: 'json',
            success: function (json) {
              json.unshift({
                manufacturer_id: 0,
                name: '{{ text_none }}'
              });

              response($.map(json, function (item) {
                return {
                  label: item['name'],
                  value: item['manufacturer_id']
                }
              }));
            }
          });
        },
        'select': function (item) {
          $('input[name=\'manufacturer_new\']').val(item['label']);
          $('input[name=\'manufacturer_new_id\']').val(item['value']);
        }
      });
  </script>
  <script type="text/javascript"><!--
    var discount_row = {{ discount_row }};

    function addDiscount() {
      html = '<tr id="discount-row' + discount_row + '">';
      html += '  <td class="text-left"><select name="product_discount_new[' + discount_row + '][customer_group_id]" class="form-control">';
      {% for customer_group in customer_groups %}
      html += '    <option value="{{ customer_group.customer_group_id }}">{{ customer_group.name|escape('js') }}</option>';
      {% endfor %}
      html += '  </select></td>';
      html += '  <td class="text-right"><input type="text" name="product_discount_new[' + discount_row + '][quantity]" value="" placeholder="{{ entry_quantity }}" class="form-control" /></td>';
      html += '  <td class="text-right"><input type="text" name="product_discount_new[' + discount_row + '][priority]" value="" placeholder="{{ entry_priority }}" class="form-control" /></td>';
      html += '  <td class="text-right"><input type="text" name="product_discount_new[' + discount_row + '][price]" value="" placeholder="{{ entry_price }}" class="form-control inputValuePrice" /></td>';
      html += '  <td class="text-left" style="width: 20%;"><div class="input-group date"><input type="text" name="product_discount_new[' + discount_row + '][date_start]" value="" placeholder="{{ entry_date_start }}" data-date-format="YYYY-MM-DD" class="form-control" /><span class="input-group-btn"><button type="button" class="btn btn-default"><i class="fa fa-calendar"></i></button></span></div></td>';
      html += '  <td class="text-left" style="width: 20%;"><div class="input-group date"><input type="text" name="product_discount_new[' + discount_row + '][date_end]" value="" placeholder="{{ entry_date_end }}" data-date-format="YYYY-MM-DD" class="form-control" /><span class="input-group-btn"><button type="button" class="btn btn-default"><i class="fa fa-calendar"></i></button></span></div></td>';
      html += '  <td class="text-left"><button type="button" onclick="$(\'#discount-row' + discount_row + '\').remove();" data-toggle="tooltip" title="{{ button_remove }}" class="btn btn-danger"><i class="fa fa-minus-circle"></i></button></td>';
      html += '</tr>';

      $('#discount tbody').append(html);

      $('.date').datetimepicker({
        pickTime: false
      });

      discount_row++;
    }

  </script>
  <script type="text/javascript"><!--
    var special_row = {{ special_row }};

    function addSpecial() {
      html = '<tr id="special-row' + special_row + '">';
      html += '  <td class="text-left"><select name="product_special_new[' + special_row + '][customer_group_id]" class="form-control">';
      {% for customer_group in customer_groups %}
      html += '      <option value="{{ customer_group.customer_group_id }}">{{ customer_group.name|escape('js') }}</option>';
      {% endfor %}
      html += '  </select></td>';
      html += '  <td class="text-right"><input type="text" name="product_special_new[' + special_row + '][priority]" value="" placeholder="{{ entry_priority }}" class="form-control" /></td>';
      html += '  <td class="text-right"><input type="text" name="product_special_new[' + special_row + '][price]" value="" placeholder="{{ entry_price }}" class="form-control inputValuePrice" /></td>';
      html += '  <td class="text-left" style="width: 20%;"><div class="input-group date"><input type="text" name="product_special_new[' + special_row + '][date_start]" value="" placeholder="{{ entry_date_start }}" data-date-format="YYYY-MM-DD" class="form-control" /><span class="input-group-btn"><button type="button" class="btn btn-default"><i class="fa fa-calendar"></i></button></span></div></td>';
      html += '  <td class="text-left" style="width: 20%;"><div class="input-group date"><input type="text" name="product_special_new[' + special_row + '][date_end]" value="" placeholder="{{ entry_date_end }}" data-date-format="YYYY-MM-DD" class="form-control" /><span class="input-group-btn"><button type="button" class="btn btn-default"><i class="fa fa-calendar"></i></button></span></div></td>';
      html += '  <td class="text-left"><button type="button" onclick="$(\'#special-row' + special_row + '\').remove();" data-toggle="tooltip" title="{{ button_remove }}" class="btn btn-danger"><i class="fa fa-minus-circle"></i></button></td>';
      html += '</tr>';

      $('#special tbody').append(html);

      $('.date').datetimepicker({
        language: '{{ datepicker }}',
        pickTime: false
      });

      special_row++;
    }

  </script>
  <script type="text/javascript"><!--
  var option_row = {{ option_row }};
  
  $('input[name=\'option_new\']').autocomplete({
    'source': function(request, response) {
      $.ajax({
        url: 'index.php?route=catalog/option/autocomplete&user_token={{ user_token }}&filter_name=' + encodeURIComponent(request),
        dataType: 'json',
        success: function(json) {
          response($.map(json, function(item) {
            return {
              category: item['category'],
              label: item['name'],
              value: item['option_id'],
              type: item['type'],
              option_value: item['option_value']
            }
          }));
        }
      });
    },
    'select': function(item) {
      html = '<div class="tab-pane" id="tab-option' + option_row + '">';
      html += ' <input type="hidden" name="product_option_new[' + option_row + '][product_option_id]" value="" />';
      html += ' <input type="hidden" name="product_option_new[' + option_row + '][name]" value="' + item['label'] + '" />';
      html += ' <input type="hidden" name="product_option_new[' + option_row + '][option_id]" value="' + item['value'] + '" />';
      html += ' <input type="hidden" name="product_option_new[' + option_row + '][type]" value="' + item['type'] + '" />';
  
      html += ' <div class="form-group">';
      html += '   <label class="col-sm-2 control-label" for="input-required' + option_row + '">{{ entry_required }}</label>';
      html += '   <div class="col-sm-10"><select name="product_option_new[' + option_row + '][required]" id="input-required' + option_row + '" class="form-control">';
      html += '       <option value="1">{{ text_yes }}</option>';
      html += '       <option value="0">{{ text_no }}</option>';
      html += '   </select></div>';
      html += ' </div>';
  
      if (item['type'] == 'text') {
        html += ' <div class="form-group">';
        html += '   <label class="col-sm-2 control-label" for="input-value' + option_row + '">{{ entry_option_value }}</label>';
        html += '   <div class="col-sm-10"><input type="text" name="product_option_new[' + option_row + '][value]" value="" placeholder="{{ entry_option_value }}" id="input-value' + option_row + '" class="form-control" /></div>';
        html += ' </div>';
      }
  
      if (item['type'] == 'textarea') {
        html += ' <div class="form-group">';
        html += '   <label class="col-sm-2 control-label" for="input-value' + option_row + '">{{ entry_option_value }}</label>';
        html += '   <div class="col-sm-10"><textarea name="product_option_new[' + option_row + '][value]" rows="5" placeholder="{{ entry_option_value }}" id="input-value' + option_row + '" class="form-control"></textarea></div>';
        html += ' </div>';
      }
  
      if (item['type'] == 'file') {
        html += ' <div class="form-group" style="display: none;">';
        html += '   <label class="col-sm-2 control-label" for="input-value' + option_row + '">{{ entry_option_value }}</label>';
        html += '   <div class="col-sm-10"><input type="text" name="product_option_new[' + option_row + '][value]" value="" placeholder="{{ entry_option_value }}" id="input-value' + option_row + '" class="form-control" /></div>';
        html += ' </div>';
      }
  
      if (item['type'] == 'date') {
        html += ' <div class="form-group">';
        html += '   <label class="col-sm-2 control-label" for="input-value' + option_row + '">{{ entry_option_value }}</label>';
        html += '   <div class="col-sm-3"><div class="input-group date"><input type="text" name="product_option_new[' + option_row + '][value]" value="" placeholder="{{ entry_option_value }}" data-date-format="YYYY-MM-DD" id="input-value' + option_row + '" class="form-control" /><span class="input-group-btn"><button type="button" class="btn btn-default"><i class="fa fa-calendar"></i></button></span></div></div>';
        html += ' </div>';
      }
  
      if (item['type'] == 'time') {
        html += ' <div class="form-group">';
        html += '   <label class="col-sm-2 control-label" for="input-value' + option_row + '">{{ entry_option_value }}</label>';
        html += '   <div class="col-sm-10"><div class="input-group time"><input type="text" name="product_option_new[' + option_row + '][value]" value="" placeholder="{{ entry_option_value }}" data-date-format="HH:mm" id="input-value' + option_row + '" class="form-control" /><span class="input-group-btn"><button type="button" class="btn btn-default"><i class="fa fa-calendar"></i></button></span></div></div>';
        html += ' </div>';
      }
  
      if (item['type'] == 'datetime') {
        html += ' <div class="form-group">';
        html += '   <label class="col-sm-2 control-label" for="input-value' + option_row + '">{{ entry_option_value }}</label>';
        html += '   <div class="col-sm-10"><div class="input-group datetime"><input type="text" name="product_option_new[' + option_row + '][value]" value="" placeholder="{{ entry_option_value }}" data-date-format="YYYY-MM-DD HH:mm" id="input-value' + option_row + '" class="form-control" /><span class="input-group-btn"><button type="button" class="btn btn-default"><i class="fa fa-calendar"></i></button></span></div></div>';
        html += ' </div>';
      }
  
      if (item['type'] == 'select' || item['type'] == 'radio' || item['type'] == 'checkbox' || item['type'] == 'image') {
        html += '<div class="table-responsive">';
        html += '  <table id="option-value' + option_row + '" class="table table-striped table-bordered table-hover">';
        html += '    <thead>';
        html += '      <tr>';
        html += '        <td class="text-left">{{ entry_option_value }}</td>';
        html += '        <td class="text-right">{{ entry_quantity }}</td>';
        html += '        <td class="text-left">{{ entry_subtract }}</td>';
        html += '        <td class="text-right">{{ entry_price }}</td>';
        html += '        <td class="text-right {% if points_status == 0 %}hide{% endif %}">{{ entry_option_points }}</td>';
        html += '        <td class="text-right">{{ entry_weight }}</td>';
        html += '        <td></td>';
        html += '      </tr>';
        html += '    </thead>';
        html += '    <tbody>';
        html += '    </tbody>';
        html += '    <tfoot>';
        html += '      <tr>';
        html += '        <td colspan="6"></td>';
        html += '        <td class="text-left"><button type="button" onclick="addOptionValue(' + option_row + ');" data-toggle="tooltip" title="{{ button_option_value_add }}" class="btn btn-primary"><i class="fa fa-plus-circle"></i></button></td>';
        html += '      </tr>';
        html += '    </tfoot>';
        html += '  </table>';
        html += '</div>';
  
        html += '  <select id="option-values' + option_row + '" style="display: none;">';
  
        for (i = 0; i < item['option_value'].length; i++) {
          html += '  <option value="' + item['option_value'][i]['option_value_id'] + '">' + item['option_value'][i]['name'] + '</option>';
        }
  
        html += '  </select>';
        html += '</div>';
      }
  
      $('#tab-option .tab-content').append(html);
  
      $('#option > li:last-child').before('<li><a href="#tab-option' + option_row + '" data-toggle="tab"><i class="fa fa-minus-circle" onclick=" $(\'#option a:first\').tab(\'show\');$(\'a[href=\\\'#tab-option' + option_row + '\\\']\').parent().remove(); $(\'#tab-option' + option_row + '\').remove();"></i>' + item['label'] + '</li>');
  
      $('#option a[href=\'#tab-option' + option_row + '\']').tab('show');
  
      $('[data-toggle=\'tooltip\']').tooltip({
        container: 'body',
        html: true
      });
  
      $('.date').datetimepicker({
        language: '{{ datepicker }}',
        pickTime: false
      });
  
      $('.time').datetimepicker({
        language: '{{ datepicker }}',
        pickDate: false
      });
  
      $('.datetime').datetimepicker({
        language: '{{ datepicker }}',
        pickDate: true,
        pickTime: true
      });
  
      option_row++;
    }
  });
  //--></script>
  <script type="text/javascript"><!--
  var option_value_row = {{ option_value_row }};
  
  function addOptionValue(option_row) {
    html = '<tr id="option-value-row' + option_value_row + '">';
    html += '  <td class="text-left"><select name="product_option_new[' + option_row + '][product_option_value][' + option_value_row + '][option_value_id]" class="form-control inputOptionValue">';
    html += $('#option-values' + option_row).html();
    html += '  </select><input type="hidden" name="product_option_new[' + option_row + '][product_option_value][' + option_value_row + '][product_option_value_id]" value="" /></td>';
    html += '  <td class="text-right"><input type="number" min="0" name="product_option_new[' + option_row + '][product_option_value][' + option_value_row + '][quantity]" value="" placeholder="{{ entry_quantity }}" class="form-control inputOptionQta" /></td>';
    html += '  <td class="text-left"><select name="product_option_new[' + option_row + '][product_option_value][' + option_value_row + '][subtract]" class="form-control">';
    html += '    <option value="1">{{ text_yes }}</option>';
    html += '    <option value="0">{{ text_no }}</option>';
    html += '  </select></td>';
    html += '  <td class="text-right"><select name="product_option_new[' + option_row + '][product_option_value][' + option_value_row + '][price_prefix]" class="form-control inputOptionOthers">';
    html += '    <option value="+">+</option>';
    html += '    <option value="-">-</option>';
    html += '  </select>';
    html += '  <input type="text" name="product_option_new[' + option_row + '][product_option_value][' + option_value_row + '][price]" value="" placeholder="{{ entry_price }}" class="form-control inputOptionOthers" /></td>';
    html += '  <td class="text-right {% if points_status == 0 %}hide{% endif %}"><select name="product_option_new[' + option_row + '][product_option_value][' + option_value_row + '][points_prefix]" class="form-control inputOptionOthers">';
    html += '    <option value="+">+</option>';
    html += '    <option value="-">-</option>';
    html += '  </select>';
    html += '  <input type="text" name="product_option_new[' + option_row + '][product_option_value][' + option_value_row + '][points]" value="" placeholder="{{ entry_points }}" class="form-control inputOptionOthers" /></td>';
    html += '  <td class="text-right"><select name="product_option_new[' + option_row + '][product_option_value][' + option_value_row + '][weight_prefix]" class="form-control inputOptionOthers">';
    html += '    <option value="+">+</option>';
    html += '    <option value="-">-</option>';
    html += '  </select>';
    html += '  <input type="text" name="product_option_new[' + option_row + '][product_option_value][' + option_value_row + '][weight]" value="" placeholder="{{ entry_weight }}" class="form-control inputOptionOthers" /></td>';
    html += '  <td class="text-left"><button type="button" onclick="$(this).tooltip(\'destroy\');$(\'#option-value-row' + option_value_row + '\').remove();" data-toggle="tooltip" rel="tooltip" title="{{ button_remove }}" class="btn btn-sm btn-danger"><i class="fa fa-minus-circle"></i></button></td>';
    html += '</tr>';
  
    $('#option-value' + option_row + ' tbody').append(html);
    $('[rel=tooltip]').tooltip();
  
    option_value_row++;
  }
  
  //--></script>

            ]]></add>
        </operation>
    </file>  	
</modification>